property_title,locality,price_per_sqft,plot_area_sqft,dimensions,ownership,approval_authority,facing,gated_community,rounded_price_rs
"Residential Land / Plot in Sangareddy, Hyderabad",Sangareddy,1422,2250,35 X 64.29,Freehold,,,No,3200000
"Residential Land / Plot in Sadashivpet, Hyderabad",Sadashivpet,1222,3600,60 X 60,Freehold,,,No,4400000
"Residential Land / Plot in Aroor, Hyderabad",Aroor,2439,1476,36 X 41,Freehold,,,No,3600000
"Residential Land / Plot in Kompally, Hyderabad",Kompally,3333,1350,45 X 30,Freehold,HMDA,,No,4500000
"Residential Land / Plot in Keesara, Hyderabad",Keesara,1444,1980,48 X 41.2,Freehold,,,No,2900000
"Residential Land / Plot in Shadnagar, Hyderabad",Shadnagar,1778,1323,36 X 36.8,,,,No,2400000
"Residential Land / Plot in Adibatla, Hyderabad",Adibatla,2000,1620,42 X 38.6,Freehold,,,No,3200000
"Residential Land / Plot in Ayyappa Colony Shadnagar, Hyderabad",Ayyappa Colony Shadnagar,20000,400,20 X 20,Freehold,GHMC,East,Yes,8000000
"Residential Land / Plot in Nandi Kandi, Hyderabad",Nandi Kandi,2444,1980,60 X 33,Freehold,,,Yes,4800000
"Residential Land / Plot in Sadashivpet, Hyderabad",Sadashivpet,1667,1800,60 X 30,Freehold,DTCP,East,No,3000000
"Residential Land / Plot in Shankarpalle Rangareddy, Hyderabad",Shankarpalle Rangareddy,1444,9000,387 X 23.2,Freehold,DTCP,East,No,13000000
"Residential Land / Plot in Lingareddyguda Shadnagar, Hyderabad",Lingareddyguda Shadnagar,2222,1800,35 X 51.43,Freehold,DTCP,East,No,4000000
"Residential Land / Plot in Gundlapochampally, Outer Ring Road, Hyderabad",Gundlapochampally,5271,2637,75.3 X 35,Freehold,HMDA,,Yes,13900000
"Residential Land / Plot in Timmapur, Hyderabad",Timmapur,4167,7200,90 X 80,Freehold,,East,No,30000000
"Residential Land / Plot in Tukkuguda, Srisailam Highway, Hyderabad",Tukkuguda,4052,1629,13.6 X 120,Freehold,HMDA,East,No,6600000
"Residential Land / Plot in Tukkuguda, Srisailam Highway, Hyderabad",Tukkuguda,2770,3159,,Freehold,HMDA,East,No,8800000
"Residential Land / Plot in Maheswaram Lines, Chandrayangutta, Srisailam Highway, Hyderabad",Maheswaram Lines,1587,1008,10.8 X 93,,,,Yes,1600000
"Residential Land / Plot in Lakudaram, Hyderabad",Lakudaram,1821,1647,,Freehold,DTCP,East,No,3000000
"Residential Land / Plot in Shadnagar Bypass Road, Hyderabad",Shadnagar Bypass Road,2778,1350,,,HMDA,East,No,3800000
"Residential Land / Plot in Srisailam Highway, Hyderabad",Srisailam Highway,2222,1800,,Freehold,HMDA,East,No,4000000
"Residential Land / Plot in Zahirabad, Hyderabad",Zahirabad,1381,1575,33 X 47.7,Freehold,DTCP,East,No,2200000
"Residential Land / Plot in Appa Junction Area, Hyderabad",Appa Junction Area,12222,5004,16.7 X 300,,,North,Yes,61200000
"Residential Land / Plot in Alair, Hyderabad",Alair,1333,1485,39 X 38.1,Freehold,DTCP,East,No,2000000
"Residential Land / Plot in Dulapally, Hyderabad",Dulapally,12222,2925,65 X 45,Freehold,,East,No,35700000
"Residential Land / Plot in Farooqnagar, Hyderabad",Farooqnagar,2879,1737,,Freehold,HMDA,East,No,5000000
"Residential Land / Plot in Shadnagar, Hyderabad",Shadnagar,1889,1503,45 X 33.4,Freehold,HMDA,,Yes,2800000
"Residential Land / Plot in Shankarpalle, Hyderabad",Shankarpalle,4227,4050,81 X 50,Freehold,HMDA,,Yes,17100000
Plot/Land for Sale in Sadashivpet Hyderabad,Sadashivpet Hyderabad,1778,1800,45 X 40,Freehold,DTCP,East,No,3200000
Plot/Land for Sale in Shadnagar Hyderabad,Shadnagar Hyderabad,2297,1980,45 X 44,Freehold,HMDA,,Yes,4500000
Plot/Land for Sale in Adibatla Hyderabad,Adibatla Hyderabad,2778,1503,30 X 50.1,Freehold,HMDA,East,No,4200000
Plot/Land for Sale in Yacharam Hyderabad,Yacharam Hyderabad,1889,3240,60 X 54,Freehold,DTCP,East,No,6100000
Plot/Land for Sale in Sadashivpet Hyderabad,Sadashivpet Hyderabad,2020,1485,,,DTCP,,Yes,3000000
Plot/Land for Sale in Shadnagar Hyderabad,Shadnagar Hyderabad,2055,1800,45.5 X 39.6,,,,Yes,3700000
Plot/Land for Sale in Chalapathi paradise Hyderabad,Chalapathi paradise Hyderabad,2000,1800,,,,,Yes,3600000
Plot/Land for Sale in Ravindra Nagar Habsiguda Hyderabad,Ravindra Nagar Habsiguda Hyderabad,9857,5580,255 X 21.9,Freehold,,East,No,55000000
Plot/Land for Sale in Majidpur Road Hyderabad,Majidpur Road Hyderabad,1667,1800,180 X 120,,HMDA,East,No,3000000
Plot/Land for Sale in Shadnagar Hyderabad,Shadnagar Hyderabad,8750,200,,,,East,No,1800000
Plot/Land for Sale in Mumbai Highway Hyderabad,Mumbai Highway Hyderabad,2056,1800,45 X 40,Freehold,DTCP,,Yes,3700000
Plot/Land for Sale in Nandigaon Hyderabad,Nandigaon Hyderabad,3333,1800,90 X 180,Freehold,HMDA,,Yes,6000000
Plot/Land for Sale in Himayatnagar Moinabad Hyderabad,Himayatnagar Moinabad Hyderabad,3111,7200,120 X 60,Freehold,,,Yes,22400000
Plot/Land for Sale in Shadnagar Hyderabad,Shadnagar Hyderabad,1903,1314,132 X 9.96,Freehold,DTCP,,Yes,2500000
Plot/Land for Sale in Shadnagar Hyderabad,Shadnagar Hyderabad,1444,1800,,Freehold,HMDA,East,No,2600000
Plot/Land for Sale in Shadnagar Hyderabad,Shadnagar Hyderabad,24405,168,4.67 X 36,Freehold,HMDA,East,No,4100000
"Plot/Land for Sale in Isnapur, Outer Ring Road Hyderabad",Isnapur,5202,2403,13.3 X 180,Freehold,HMDA,,Yes,12500000
Plot/Land for Sale in Adibatla Hyderabad,Adibatla Hyderabad,1667,1467,16.3 X 90,,,,Yes,2400000
Plot/Land for Sale in Shamshabad Hyderabad,Shamshabad Hyderabad,9079,2313,384 X 6.03,Freehold,,,Yes,21000000
Plot/Land for Sale in Sangareddy Hyderabad,Sangareddy Hyderabad,2155,1485,90 X 150,,DTCP,,Yes,3200000
Plot/Land for Sale in Shamirpet Hyderabad,Shamirpet Hyderabad,4444,1800,53 X 34,Freehold,DTCP,East,No,8000000
Plot/Land for Sale in Sangareddy Hyderabad,Sangareddy Hyderabad,2667,2250,,Freehold,DTCP,,Yes,6000000
Plot/Land for Sale in Kandukur Hyderabad,Kandukur Hyderabad,3111,4500,180 X 25,,,,Yes,14000000
Plot/Land for Sale in Shadnagar Hyderabad,Shadnagar Hyderabad,1671,1197,120 X 90,Freehold,,East,No,2000000
Plot/Land for Sale in Keshampet Hyderabad,Keshampet Hyderabad,1436,1323,120 X 11,,,,Yes,1900000
Plot/Land for Sale in Korremula Hyderabad,Korremula Hyderabad,4453,2403,60 X 40.05,Freehold,HMDA,,Yes,10700000
Plot/Land for Sale in Sadashivpet Hyderabad,Sadashivpet Hyderabad,1889,1800,147 X 12.2,Freehold,DTCP,East,No,3400000
Plot/Land for Sale in Chennaram Hyderabad,Chennaram Hyderabad,1248,1638,42 X 39,,,,Yes,2000000
Plot/Land for Sale in Lakdaram Hyderabad,Lakdaram Hyderabad,3111,3600,60 X 60,Freehold,HMDA,East,No,11200000
"Plot/Land for Sale in TPS Colony, Secunderabad Hyderabad",TPS Colony,3536,2404,40 X 60.1,Freehold,GHMC,East,No,8500000
Plot/Land for Sale in Sangareddy Hyderabad,Sangareddy Hyderabad,2167,1467,,,DTCP,,Yes,3200000
Plot/Land for Sale in Sangareddy Hyderabad,Sangareddy Hyderabad,2186,1647,165 X 99,,DTCP,,Yes,3600000
Plot/Land for Sale in Kadthal Hyderabad,Kadthal Hyderabad,1310,1908,54 X 36,,DTCP,,Yes,2500000
Plot/Land for Sale in Mirzapur Zaheerabad Hyderabad,Mirzapur Zaheerabad Hyderabad,1611,1503,11.1 X 135,Freehold,DTCP,East,No,2400000
Plot/Land for Sale in Kandi Hyderabad,Kandi Hyderabad,2667,1503,50.1 X 30,,HMDA,,Yes,4000000
Plot/Land for Sale in Bhanur Hyderabad,Bhanur Hyderabad,3208,3429,,Freehold,HMDA,,Yes,11000000
Plot/Land for Sale in Adibatla Hyderabad,Adibatla Hyderabad,4000,1350,,,HMDA,,Yes,5400000
"Plot/Land for Sale in Annaram, Nagole Hyderabad",Annaram,1667,1800,108 X 16.7,,,,Yes,3000000
Plot/Land for Sale in Maheshwaram Hyderabad,Maheshwaram Hyderabad,6667,3492,53.72 X 65,Freehold,,,Yes,23300000
"Plot/Land for Sale in Aushapur, NH 2 2 Hyderabad",Aushapur,1444,2160,60 X 36,Freehold,HMDA,East,No,3100000
"Plot/Land for Sale in Tukkuguda, Srisailam Highway Hyderabad",Tukkuguda,4317,3915,36 X 109,Freehold,HMDA,East,No,16900000
Plot/Land for Sale in Nandigama Kothur Hyderabad,Nandigama Kothur Hyderabad,2497,3204,80 X 40.05,,,,Yes,8000000
Plot/Land for Sale in Maheshwaram Hyderabad,Maheshwaram Hyderabad,2000,2403,61.6 X 39,Freehold,,,Yes,4800000
Plot/Land for Sale in Sangareddy Hyderabad,Sangareddy Hyderabad,2555,2583,,,DTCP,,Yes,6600000
Plot/Land for Sale in Alwal Hyderabad,Alwal Hyderabad,8889,3150,14 X 225,Freehold,HMDA,,Yes,28000000
Plot/Land for Sale in Gajularamaram Hyderabad,Gajularamaram Hyderabad,8222,1800,60 X 30,,,,Yes,14800000
Plot/Land for Sale in Ibrahimpatnam Hyderabad,Ibrahimpatnam Hyderabad,2222,1800,180 X 9.99,Freehold,HMDA,East,No,4000000
Plot/Land for Sale in Shankarpally Road Hyderabad,Shankarpally Road Hyderabad,2677,1980,165 X 12,Freehold,HMDA,,Yes,5300000
Plot/Land for Sale in Kadthal Hyderabad,Kadthal Hyderabad,2222,2250,53.6 X 42,Freehold,DTCP,East,No,5000000
Plot/Land for Sale in Choutuppal Hyderabad,Choutuppal Hyderabad,1759,2160,180 X 108,Freehold,HMDA,,Yes,3800000
Plot/Land for Sale in Kondakal Shankarpally Road Hyderabad,Kondakal Shankarpally Road Hyderabad,3719,2151,45 X 47.8,Freehold,HMDA,East,No,8000000
"Plot/Land for Sale in Bolarum, Medchal Road Hyderabad",Bolarum,7746,1197,,Freehold,,,Yes,9300000
Plot/Land for Sale in Dammaiguda Hyderabad,Dammaiguda Hyderabad,3889,3600,,,,,Yes,14000000
Plot/Land for Sale in Ameerpet Hyderabad,Ameerpet Hyderabad,2705,2403,,,,,Yes,6500000
"Plot/Land for Sale in Rudraram, NH 9 Hyderabad",Rudraram,2944,1800,,,HMDA,,Yes,5300000
Plot/Land for Sale in Mettakanigudem Hyderabad,Mettakanigudem Hyderabad,7449,2376,48 X 49.5,Freehold,HMDA,East,No,17700000
Plot/Land for Sale in Rangapur Shadnagar Hyderabad,Rangapur Shadnagar Hyderabad,1364,2640,66 X 40,Freehold,DTCP,,Yes,3600000
"Plot/Land for Sale in Kothur, NH 7 Hyderabad",Kothur,1366,1098,,,HMDA,,Yes,1500000
Plot/Land for Sale in SriSialam Highway Hyderabad,SriSialam Highway Hyderabad,1278,5760,,Freehold,DTCP,,Yes,7400000
"Plot/Land for Sale in Moinabad, Chevella Road Hyderabad",Moinabad,5000,7200,240 X 270,Freehold,,,Yes,36000000
Plot/Land for Sale in Kadthal Hyderabad,Kadthal Hyderabad,1222,1350,,Freehold,DTCP,,Yes,1600000
Plot/Land for Sale in Sadashivpet Hyderabad,Sadashivpet Hyderabad,1686,1305,,Freehold,DTCP,East,No,2200000
Plot/Land for Sale in Farooqnagar Hyderabad,Farooqnagar Hyderabad,1389,1800,50 X 36,,,,Yes,2500000
Plot/Land for Sale in Pocharam Patancheruvu Hyderabad,Pocharam Patancheruvu Hyderabad,5000,1800,54 X 33.3,,HMDA,East,No,9000000
"Plot/Land for Sale in TPS Colony, Secunderabad Hyderabad",TPS Colony,3782,2400,,Freehold,GHMC,East,No,9100000
Plot/Land for Sale in Cherlapalli Hyderabad,Cherlapalli Hyderabad,4778,1350,135 X 90,Freehold,GHMC,East,No,6500000
"Plot/Land for Sale in Kothur, NH 7 Hyderabad",Kothur,2889,1800,,Freehold,HMDA,,Yes,5200000
Plot/Land for Sale in Meerkhanpet Hyderabad,Meerkhanpet Hyderabad,2000,1800,110 X 16.4,Freehold,,East,Yes,3600000
Plot/Land for Sale in Mokila Hyderabad,Mokila Hyderabad,6627,2403,180 X 120,Freehold,HMDA,,Yes,15900000
Plot/Land for Sale in Kongara Kalan Hyderabad,Kongara Kalan Hyderabad,3333,1494,,,HMDA,,Yes,5000000
Plot/Land for Sale in Sadashivpet Hyderabad,Sadashivpet Hyderabad,1778,1350,,,HMDA,,Yes,2400000
Plot/Land for Sale in Adibatla Hyderabad,Adibatla Hyderabad,3333,1350,,Freehold,HMDA,,Yes,4500000
Plot/Land for Sale in Kandukur Hyderabad,Kandukur Hyderabad,3333,1350,0.84 X 1635,Freehold,HMDA,East,No,4500000
Plot/Land for Sale in Pocharam Patancheruvu Hyderabad,Pocharam Patancheruvu Hyderabad,4667,1422,50 X 28.4,Freehold,HMDA,East,No,6600000
Plot/Land for Sale in Narepally Hyderabad,Narepally Hyderabad,4868,2835,,Freehold,,,Yes,13800000
Plot/Land for Sale in Shankarpalle Hyderabad,Shankarpalle Hyderabad,3111,1800,16.7 X 108,,,,Yes,5600000
Plot/Land for Sale in Pati Hyderabad,Pati Hyderabad,4630,2700,20 X 135,Freehold,HMDA,West,Yes,12500000
Plot/Land for Sale in Srisailam Highway Hyderabad,Srisailam Highway Hyderabad,2222,1800,108 X 150,,HMDA,,Yes,4000000
"Plot/Land for Sale in Chilkur Balaji Temple Road, Chevella Road Hyderabad",Chilkur Balaji Temple Road,3182,2200,48 X 45.83,,,,Yes,7000000
"Plot/Land for Sale in Kothur, NH 7 Hyderabad",Kothur,1348,1854,,,,,Yes,2500000
Plot/Land for Sale in Yadagirigutta Hyderabad,Yadagirigutta Hyderabad,1778,2700,150 X 162,,HMDA,,Yes,4800000
"Plot/Land for Sale in Kothur, NH 7 Hyderabad",Kothur,8052,267,4.45 X 60,Freehold,,East,No,2100000
Plot/Land for Sale in Athvelly Hyderabad,Athvelly Hyderabad,5086,3303,,,,,Yes,16800000
Plot/Land for Sale in Budhera Hyderabad,Budhera Hyderabad,1389,1800,60 X 30,Freehold,DTCP,,Yes,2500000
Plot/Land for Sale in Shankarpalle Hyderabad,Shankarpalle Hyderabad,2000,1800,,,DTCP,East,No,3600000
Plot/Land for Sale in Old Alwal Hyderabad,Old Alwal Hyderabad,7407,1080,120 X 7.5,Freehold,GHMC,,Yes,8000000
Plot/Land for Sale in Shamshabad Hyderabad,Shamshabad Hyderabad,1296,10800,360 X 300,Freehold,DTCP,East,No,14000000
"Plot/Land for Sale in Chilkur Balaji Temple Road, Chevella Road Hyderabad",Chilkur Balaji Temple Road,1667,2997,,,,,Yes,5000000
Plot/Land for Sale in Jubilee Hills Hyderabad,Jubilee Hills Hyderabad,22222,3600,270 X 120,Freehold,GHMC,,Yes,80000000
"Plot/Land for Sale in Kothur, NH 7 Hyderabad",Kothur,2111,1215,45 X 27,Freehold,HMDA,East,No,2600000
Plot/Land for Sale in Sangyam Hyderabad,Sangyam Hyderabad,1684,1485,495 X 3,,,,Yes,2500000
Plot/Land for Sale in Ankushapur Hyderabad,Ankushapur Hyderabad,1222,2700,20 X 135,Freehold,,East,Yes,3300000
Plot/Land for Sale in Kondapur Hyderabad,Kondapur Hyderabad,105485,237,6.77 X 35,Freehold,,East,Yes,25000000
"Plot/Land for Sale in Raviryal, Outer Ring Road Hyderabad",Raviryal,3333,1800,150 X 12,,,,Yes,6000000
Plot/Land for Sale in Budhera Hyderabad,Budhera Hyderabad,1145,6552,,,,,Yes,7500000
Plot/Land for Sale in Kandwada Village Road Hyderabad,Kandwada Village Road Hyderabad,1667,2700,135 X 180,,,,Yes,4500000
Plot/Land for Sale in Nandigaon Hyderabad,Nandigaon Hyderabad,1157,2160,,,,,Yes,2500000
Plot/Land for Sale in Medchal Hyderabad,Medchal Hyderabad,2444,1800,,,HMDA,,Yes,4400000
Plot/Land for Sale in Shankarpalli Hyderabad Road Hyderabad,Shankarpalli Hyderabad Road Hyderabad,2444,1620,15 X 108,Freehold,,East,No,4000000
Plot/Land for Sale in Shankarpalli Mominpet Road Hyderabad,Shankarpalli Mominpet Road Hyderabad,1600,2250,,,DTCP,,Yes,3600000
Plot/Land for Sale in Gurram Guda Hyderabad,Gurram Guda Hyderabad,3876,1548,81 X 19.1,Freehold,HMDA,West,Yes,6000000
Plot/Land for Sale in Kondapur Hyderabad,Kondapur Hyderabad,4163,1953,,,HMDA,,Yes,8100000
Plot/Land for Sale in Jillelagadda Hyderabad,Jillelagadda Hyderabad,8000,2484,186 X 120,,,,Yes,19900000
Plot/Land for Sale in Pochampalle Hyderabad,Pochampalle Hyderabad,1111,2700,1.35 X 1980,Freehold,,,Yes,3000000
Plot/Land for Sale in Kapra Hyderabad,Kapra Hyderabad,6536,2142,,,,,Yes,14000000
"Plot/Land for Sale in Isnapur, Outer Ring Road Hyderabad",Isnapur,4444,1800,90 X 20,Freehold,HMDA,East,No,8000000
Plot/Land for Sale in Railapur Hyderabad,Railapur Hyderabad,3333,1800,90 X 20,Freehold,HMDA,,Yes,6000000
"Plot/Land for Sale in Rudraram, NH 9 Hyderabad",Rudraram,1889,1800,60 X 30,Freehold,HMDA,East,No,3400000
"Plot/Land for Sale in Gundlapochampally, Outer Ring Road Hyderabad",Gundlapochampally,6667,1800,57 X 31.6,Freehold,,East,No,12000000
"Plot/Land for Sale in Dundigal, Outer Ring Road Hyderabad",Dundigal,3333,3600,,Freehold,HMDA,,Yes,12000000
Plot/Land for Sale in Maheshwaram Hyderabad,Maheshwaram Hyderabad,2667,1350,36 X 37.5,Freehold,HMDA,East,No,3600000
Plot/Land for Sale in Shankarpalle Hyderabad,Shankarpalle Hyderabad,2111,1800,105 X 17.1,Freehold,HMDA,East,No,3800000
Plot/Land for Sale in Bhuvanagiri Hyderabad,Bhuvanagiri Hyderabad,1778,1800,,Freehold,HMDA,East,No,3200000
"Plot/Land for Sale in Kollur, Outer Ring Road Hyderabad",Kollur,8333,2403,48 X 50.1,Freehold,HMDA,East,No,20000000
"Plot/Land for Sale in Kollur, Outer Ring Road Hyderabad",Kollur,30000,200,45 X 4.44,Freehold,DTCP,,Yes,6000000
Plot/Land for Sale in Pulumamidi Hyderabad,Pulumamidi Hyderabad,1111,2178,120 X 18.1,Freehold,HMDA,,No,2400000
Plot/Land for Sale in Shamirpet Hyderabad,Shamirpet Hyderabad,3875,2142,64.91 X 33,Freehold,HMDA,,No,8300000
"Plot/Land for Sale in Kothur, NH 7 Hyderabad",Kothur,2444,1494,90.1 X 16.6,Freehold,HMDA,East,No,3700000
Plot/Land for Sale in Shadnagar Hyderabad,Shadnagar Hyderabad,2444,1998,54 X 37,Freehold,HMDA,,Yes,4900000
"Plot/Land for Sale in Kollur, Outer Ring Road Hyderabad",Kollur,4556,1350,,Freehold,HMDA,,Yes,6200000
"Plot/Land for Sale in Kollur, Outer Ring Road Hyderabad",Kollur,5535,2403,120 X 20,Freehold,HMDA,East,No,13300000
Plot/Land for Sale in Kondapur Hyderabad,Kondapur Hyderabad,139000,300,16 X 1875,Freehold,GHMC,East,No,41700000
Plot/Land for Sale in Shadnagar Hyderabad,Shadnagar Hyderabad,2556,1980,35 X 56.57,Freehold,HMDA,East,No,5100000
Plot/Land for Sale in Sangareddy Hyderabad,Sangareddy Hyderabad,1444,1647,,,,,Yes,2400000
Plot/Land for Sale in Choutapally Hyderabad,Choutapally Hyderabad,1963,1503,150 X 90,,,,Yes,3000000
Plot/Land for Sale in Athvelly Hyderabad,Athvelly Hyderabad,4661,2403,20 X 120,Freehold,,,Yes,11200000
Plot/Land for Sale in Nandigaon Hyderabad,Nandigaon Hyderabad,1956,2403,,,HMDA,,Yes,4700000
Plot/Land for Sale in Lalgadi Malakpet Hyderabad,Lalgadi Malakpet Hyderabad,1714,10500,420 X 25,Freehold,GHMC,,Yes,18000000
Plot/Land for Sale in Talakondapalle Hyderabad,Talakondapalle Hyderabad,1212,1485,45 X 33,Freehold,DTCP,,Yes,1800000
Plot/Land for Sale in nandhi Kandi Hyderabad,nandhi Kandi Hyderabad,2088,1485,135 X 99,Freehold,,East,No,3100000
Plot/Land for Sale in Adibatla Hyderabad,Adibatla Hyderabad,2889,1674,138 X 12.1,Freehold,HMDA,,Yes,4800000
Plot/Land for Sale in BNR hills Hyderabad,BNR hills Hyderabad,22222,5850,,Freehold,GHMC,,Yes,130000000
Plot/Land for Sale in Maheshwaram Hyderabad,Maheshwaram Hyderabad,2778,1629,54 X 30.2,Freehold,HMDA,East,No,4500000
Plot/Land for Sale in Shamirpet Hyderabad,Shamirpet Hyderabad,1569,4779,79 X 60.5,,,,Yes,7500000
Plot/Land for Sale in Sangareddy Hyderabad,Sangareddy Hyderabad,2167,1323,99 X 120,,DTCP,,Yes,2900000
"Plot/Land for Sale in Bongloor, Outer Ring Road Hyderabad",Bongloor,2963,1620,135 X 90,,HMDA,,Yes,4800000
Plot/Land for Sale in Nandigaon Hyderabad,Nandigaon Hyderabad,3400,1647,10.6 X 156,Freehold,DTCP,,No,5600000
Plot/Land for Sale in Yacharam Hyderabad,Yacharam Hyderabad,1010,1485,,,DTCP,,Yes,1500000
Plot/Land for Sale in Digwal Hyderabad,Digwal Hyderabad,1778,1800,72 X 25,,,,Yes,3200000
Plot/Land for Sale in Agapally Hyderabad,Agapally Hyderabad,2222,1800,,,HMDA,,Yes,4000000
Plot/Land for Sale in Mangalpally Hyderabad,Mangalpally Hyderabad,2083,7200,2400 X 2400,Freehold,,East,No,15000000
Plot/Land for Sale in Patancheruvu Hyderabad,Patancheruvu Hyderabad,4222,2700,45 X 60,,,,Yes,11400000
Plot/Land for Sale in Machanpalle Shabad Hyderabad,Machanpalle Shabad Hyderabad,3000,2700,15 X 180,Freehold,HMDA,East,No,8100000
"Plot/Land for Sale in Manasa Hills, Rajendra Nagar Hyderabad",Manasa Hills,10000,2700,60 X 45,Freehold,,,Yes,27000000
Plot/Land for Sale in sulthanpur jntu Hyderabad,sulthanpur jntu Hyderabad,1889,1323,99 X 120,,,,Yes,2500000
Plot/Land for Sale in Kadthal Hyderabad,Kadthal Hyderabad,1263,1980,165 X 108,Freehold,DTCP,,Yes,2500000
Plot/Land for Sale in Kadthal Hyderabad,Kadthal Hyderabad,1333,4500,,,,,Yes,6000000
Plot/Land for Sale in Srisailam Highway Hyderabad,Srisailam Highway Hyderabad,1556,1800,135 X 120,,DTCP,,Yes,2800000
Plot/Land for Sale in Yadagirigutta Hyderabad,Yadagirigutta Hyderabad,1333,1350,,,DTCP,East,No,1800000
"Plot/Land for Sale in Ghatkesar, NH 2 2 Hyderabad",Ghatkesar,1667,1620,114 X 14.2,Freehold,,East,No,2700000
Plot/Land for Sale in Kongara Kalan Hyderabad,Kongara Kalan Hyderabad,2667,1350,,,HMDA,,Yes,3600000
Plot/Land for Sale in Gundlapochampalli Hyderabad,Gundlapochampalli Hyderabad,6296,1350,,Freehold,HMDA,East,No,8500000
"Plot/Land for Sale in Gundlapochampally, Outer Ring Road Hyderabad",Gundlapochampally,7580,2124,17.7 X 120,Freehold,,,Yes,16100000
"Plot/Land for Sale in Kothur, NH 7 Hyderabad",Kothur,2002,1998,,,,,Yes,4000000
Plot/Land for Sale in Toopranpet Hyderabad,Toopranpet Hyderabad,1128,2394,,,,,Yes,2700000
Plot/Land for Sale in Srisailam Highway Hyderabad,Srisailam Highway Hyderabad,1944,3600,,Freehold,HMDA,,Yes,7000000
Plot/Land for Sale in Sadashivpet Hyderabad,Sadashivpet Hyderabad,1537,2277,,,,,Yes,3500000
Plot/Land for Sale in Turkayamjal Hyderabad,Turkayamjal Hyderabad,3885,1467,102 X 14.4,Freehold,HMDA,,Yes,5700000
Plot/Land for Sale in Shadnagar Hyderabad,Shadnagar Hyderabad,1667,1800,,,HMDA,,Yes,3000000
Plot/Land for Sale in Mirkhanpet Hyderabad,Mirkhanpet Hyderabad,1944,1800,135 X 13.3,Freehold,DTCP,East,No,3500000
Plot/Land for Sale in Nandigaon Hyderabad,Nandigaon Hyderabad,5111,1800,180 X 9.99,,,,Yes,9200000
"Plot/Land for Sale in Kothur, NH 7 Hyderabad",Kothur,2125,1647,33 X 49.9,Freehold,HMDA,,Yes,3500000
Plot/Land for Sale in Shamirpet Hyderabad,Shamirpet Hyderabad,1111,1350,,,,,Yes,1500000
Plot/Land for Sale in Agapally Hyderabad,Agapally Hyderabad,2111,1800,,,HMDA,,Yes,3800000
Plot/Land for Sale in Shadnagar Hyderabad,Shadnagar Hyderabad,2333,1350,,,HMDA,,Yes,3100000
Plot/Land for Sale in Keesara Daira Hyderabad,Keesara Daira Hyderabad,2778,2340,180 X 117,Freehold,HMDA,,Yes,6500000
Plot/Land for Sale in Gachibowli Hyderabad,Gachibowli Hyderabad,5227,3420,150 X 22.8,Freehold,HMDA,West,Yes,17900000
Plot/Land for Sale in Hitech City Hyderabad,Hitech City Hyderabad,27781,4499,50 X 90,,,,Yes,125000000
Plot/Land for Sale in Rajendranagar Mandal Hyderabad,Rajendranagar Mandal Hyderabad,18333,3375,120 X 28.1,Freehold,GHMC,,Yes,61900000
Plot/Land for Sale in Dr Raos Prakruthivanam Hyderabad,Dr Raos Prakruthivanam Hyderabad,1210,1818,,,HMDA,,Yes,2200000
Plot/Land for Sale in Sheriguda Hyderabad,Sheriguda Hyderabad,2778,1350,45 X 30,Freehold,HMDA,,Yes,3800000
Plot/Land for Sale in Tirumalagiri Hyderabad,Tirumalagiri Hyderabad,10472,3600,,Freehold,GHMC,,Yes,37700000
"Plot/Land for Sale in Kokapet, Outer Ring Road Hyderabad",Kokapet,18333,4518,270 X 16.7,Freehold,HMDA,,Yes,82800000
Plot/Land for Sale in Sadashivpet Hyderabad,Sadashivpet Hyderabad,2148,1350,90 X 15,Freehold,DTCP,,Yes,2900000
Plot/Land for Sale in Shankarpalle Hyderabad,Shankarpalle Hyderabad,3889,1800,108 X 16.7,Freehold,HMDA,,Yes,7000000
Plot/Land for Sale in Shadnagar Hyderabad,Shadnagar Hyderabad,1058,1320,20 X 66,Freehold,,,Yes,1400000
Plot/Land for Sale in Kongara Kalan Hyderabad,Kongara Kalan Hyderabad,3077,1170,30 X 39,,HMDA,,Yes,3600000
Plot/Land for Sale in Srisailam Highway Hyderabad,Srisailam Highway Hyderabad,2194,1800,42 X 42.9,Freehold,HMDA,,Yes,3900000
Plot/Land for Sale in Lemoor Hyderabad,Lemoor Hyderabad,2167,3375,66 X 51,Freehold,,,Yes,7300000
Plot/Land for Sale in Kundanpally Hyderabad,Kundanpally Hyderabad,3111,7200,72 X 100,Freehold,,East,No,22400000
Plot/Land for Sale in Sadashivpet Hyderabad,Sadashivpet Hyderabad,2020,1485,,Freehold,DTCP,East,No,3000000
Plot/Land for Sale in Kompally Hyderabad,Kompally Hyderabad,10370,2700,45 X 60,Freehold,,East,No,28000000
Plot/Land for Sale in Kongara Kalan Hyderabad,Kongara Kalan Hyderabad,1333,1800,30 X 60,Freehold,HMDA,East,No,2400000
Plot/Land for Sale in Mokila Hyderabad,Mokila Hyderabad,11111,1998,120 X 16.6,Freehold,HMDA,East,No,22200000
"Plot/Land for Sale in Gundlapochampally, Outer Ring Road Hyderabad",Gundlapochampally,6667,2367,42 X 56.4,Freehold,HMDA,,Yes,15800000
Plot/Land for Sale in Sadashivpet Hyderabad,Sadashivpet Hyderabad,2192,1323,,,DTCP,,Yes,2900000
Plot/Land for Sale in Shankarpalle Rangareddy Hyderabad,Shankarpalle Rangareddy Hyderabad,3889,1800,,,,,Yes,7000000
Plot/Land for Sale in Korremula Hyderabad,Korremula Hyderabad,4444,1467,,Freehold,GHMC,,Yes,6500000
Plot/Land for Sale in Srisailam Highway Hyderabad,Srisailam Highway Hyderabad,11364,220,,,,,Yes,2500000
Plot/Land for Sale in Adibatla Hyderabad,Adibatla Hyderabad,2778,1800,108 X 150,Freehold,HMDA,East,No,5000000
Plot/Land for Sale in Maheshwaram Hyderabad,Maheshwaram Hyderabad,4667,2700,60 X 45,Freehold,HMDA,,Yes,12600000
"Plot/Land for Sale in Chilkur Balaji Temple Road, Chevella Road Hyderabad",Chilkur Balaji Temple Road,2111,4500,,,,,Yes,9500000
Plot/Land for Sale in Rajendra Nagar Road Hyderabad,Rajendra Nagar Road Hyderabad,12778,900,150 X 54,,HMDA,,Yes,11500000
Plot/Land for Sale in Warangal Highway Hyderabad,Warangal Highway Hyderabad,1019,1080,,,DTCP,,Yes,1100000
Plot/Land for Sale in Cheeriyal Hyderabad,Cheeriyal Hyderabad,4050,2403,60 X 40,Freehold,HMDA,East,No,9700000
Plot/Land for Sale in Chengicherla Hyderabad,Chengicherla Hyderabad,3667,900,45 X 20,Freehold,GHMC,West,Yes,3300000
Plot/Land for Sale in Shankarpalle Hyderabad,Shankarpalle Hyderabad,2045,1467,90 X 180,Freehold,DTCP,,No,3000000
Plot/Land for Sale in Medchal Hyderabad,Medchal Hyderabad,3556,5418,55 X 98.5,,,,Yes,19300000
Plot/Land for Sale in Srisailam Highway Hyderabad,Srisailam Highway Hyderabad,2222,2700,,Freehold,,,Yes,6000000
Plot/Land for Sale in Maheshwaram Hyderabad,Maheshwaram Hyderabad,2556,1350,,Freehold,HMDA,East,No,3500000
"Plot/Land for Sale in Kothur, NH 7 Hyderabad",Kothur,2222,4500,90 X 50,,,,Yes,10000000
Plot/Land for Sale in Karkalpahad Hyderabad,Karkalpahad Hyderabad,1222,1350,93 X 14.5,Freehold,,,Yes,1600000
Plot/Land for Sale in Lemoor Hyderabad,Lemoor Hyderabad,2142,3735,,Freehold,HMDA,East,No,8000000
Plot/Land for Sale in Meerkhanpet Hyderabad,Meerkhanpet Hyderabad,1665,2403,60 X 40,Freehold,HMDA,East,No,4000000
Plot/Land for Sale in Shadnagar Hyderabad,Shadnagar Hyderabad,2222,2394,798 X 3,Freehold,DTCP,,Yes,5300000
Plot/Land for Sale in Thimmaipalli Hyderabad,Thimmaipalli Hyderabad,2564,11700,,Freehold,HMDA,,Yes,30000000
Plot/Land for Sale in Kongara Kalan Hyderabad,Kongara Kalan Hyderabad,3286,2313,60 X 38.55,Freehold,HMDA,East,No,7600000
"Plot/Land for Sale in Sun City, Bandlaguda, Chevella Road Hyderabad",Sun City,2007,2700,18 X 150,,,,Yes,5400000
"Plot/Land for Sale in Rudraram, NH 9 Hyderabad",Rudraram,2500,1800,,,HMDA,,Yes,4500000
Plot/Land for Sale in Shankarpalle Rangareddy Hyderabad,Shankarpalle Rangareddy Hyderabad,1836,4707,240 X 1962,Freehold,HMDA,,Yes,8600000
Plot/Land for Sale in Pedda Amberpet Hyderabad,Pedda Amberpet Hyderabad,2509,3627,66 X 54.95,Freehold,,,Yes,9100000
Plot/Land for Sale in Pasumamla Hyderabad,Pasumamla Hyderabad,2513,1512,,Freehold,DTCP,,Yes,3800000
Plot/Land for Sale in Shadnagar Hyderabad,Shadnagar Hyderabad,1673,1674,,,,,Yes,2800000
Plot/Land for Sale in Jubilee Hills Hyderabad,Jubilee Hills Hyderabad,3889,45000,,,,,Yes,175000000
Plot/Land for Sale in Chitkul Road Hyderabad,Chitkul Road Hyderabad,4321,1458,150 X 90,,DTCP,,Yes,6300000
Plot/Land for Sale in Shankarpalli Road Hyderabad,Shankarpalli Road Hyderabad,3056,1800,180 X 90,Freehold,HMDA,,Yes,5500000
Plot/Land for Sale in Masaniguda Hyderabad,Masaniguda Hyderabad,1222,1800,12 X 150,,,East,No,2200000
Plot/Land for Sale in Maheshwaram Hyderabad,Maheshwaram Hyderabad,1346,1575,,,,,Yes,2100000
Plot/Land for Sale in Bibinagar Hyderabad,Bibinagar Hyderabad,1389,1503,,Freehold,HMDA,East,No,2100000
Plot/Land for Sale in Mangalpally Hyderabad,Mangalpally Hyderabad,2000,1800,,,,,Yes,3600000
Plot/Land for Sale in Chanda Nagar Hyderabad,Chanda Nagar Hyderabad,17182,2619,120 X 21.8,Freehold,GHMC,,Yes,45000000
Plot/Land for Sale in Sangareddy Hyderabad,Sangareddy Hyderabad,2889,1800,108 X 150,Freehold,HMDA,East,No,5200000
Plot/Land for Sale in Ameenpur Hyderabad,Ameenpur Hyderabad,8110,2466,58.7 X 42,Freehold,,,Yes,20000000
"Plot/Land for Sale in Banjara Hills, NH 9 Hyderabad",Banjara Hills,5556,36000,,,GHMC,,Yes,200000000
Plot/Land for Sale in Nehru Outer Ring Road Hyderabad,Nehru Outer Ring Road Hyderabad,1198,1503,,,,,Yes,1800000
Plot/Land for Sale in Kompally Hyderabad,Kompally Hyderabad,4259,540,,,,,Yes,2300000
Plot/Land for Sale in Shadnagar Hyderabad,Shadnagar Hyderabad,2778,2340,90 X 26,,,,Yes,6500000
Plot/Land for Sale in Maisigandi Hyderabad,Maisigandi Hyderabad,1481,1485,,Freehold,DTCP,East,No,2200000
Plot/Land for Sale in Narkhuda Hyderabad,Narkhuda Hyderabad,2222,4500,75 X 60,Freehold,,East,No,10000000
Plot/Land for Sale in Prakruthik Vihar Hyderabad,Prakruthik Vihar Hyderabad,6236,1764,16.3 X 108,Freehold,,East,No,11000000
Plot/Land for Sale in Nalthur Hyderabad,Nalthur Hyderabad,3000,3375,45 X 75,Freehold,,East,No,10100000
Plot/Land for Sale in Shadnagar Hyderabad,Shadnagar Hyderabad,2078,1251,150 X 8.34,Freehold,HMDA,East,No,2600000
"Plot/Land for Sale in Yadamma Nagar, Secunderabad Hyderabad",Yadamma Nagar,10404,2403,60 X 40,,,,Yes,25000000
"Plot/Land for Sale in Kothur, NH 7 Hyderabad",Kothur,3333,1800,168 X 108,Freehold,HMDA,East,No,6000000
"Plot/Land for Sale in Green Park, Jeedimetla, NH 7 Hyderabad",Green Park,3097,2196,,Freehold,HMDA,,Yes,6800000
Plot/Land for Sale in Edulabad Hyderabad,Edulabad Hyderabad,2644,2160,180 X 108,,,,Yes,5700000
Plot/Land for Sale in Mekaguda Hyderabad,Mekaguda Hyderabad,1778,1800,45.7 X 39.4,,,,Yes,3200000
"Plot/Land for Sale in Moinabad, Chevella Road Hyderabad",Moinabad,1667,18000,,Freehold,,East,No,30000000
Plot/Land for Sale in Bachupally Hyderabad,Bachupally Hyderabad,6111,2700,600 X 450,Freehold,HMDA,East,No,16500000
Plot/Land for Sale in Shadnagar Hyderabad,Shadnagar Hyderabad,1778,1800,,,,,Yes,3200000
Plot/Land for Sale in Bhavya shree homes Hyderabad,Bhavya shree homes Hyderabad,2828,1503,,,,,Yes,4300000
Plot/Land for Sale in MJ Colony Hyderabad,MJ Colony Hyderabad,7547,2385,,Freehold,GHMC,,Yes,18000000
Plot/Land for Sale in Balapur Hyderabad,Balapur Hyderabad,2667,1539,,,,,Yes,4100000
Plot/Land for Sale in Maheshwaram Hyderabad,Maheshwaram Hyderabad,1907,5400,,,,,Yes,10300000
Plot/Land for Sale in Kundanpally Hyderabad,Kundanpally Hyderabad,3057,10210,85 X 120,Freehold,,East,No,31200000
Plot/Land for Sale in Sangareddy Hyderabad,Sangareddy Hyderabad,2095,1647,,Freehold,DTCP,,No,3500000
Plot/Land for Sale in Nandigaon Hyderabad,Nandigaon Hyderabad,3667,1503,240 X 6,Freehold,HMDA,,Yes,5500000
Plot/Land for Sale in Sangareddy Hyderabad,Sangareddy Hyderabad,5556,36000,1500 X 600,Freehold,GHMC,,Yes,200000000
Plot/Land for Sale in Peddamangalaram Hyderabad,Peddamangalaram Hyderabad,2222,5445,60 X 90,Freehold,,East,No,12100000
Plot/Land for Sale in Shamirpet Hyderabad,Shamirpet Hyderabad,1667,9000,60.81 X 148,,,,Yes,15000000
Plot/Land for Sale in Maheshwaram Hyderabad,Maheshwaram Hyderabad,2157,1854,,,GHMC,,Yes,4000000
Plot/Land for Sale in Muraharipally Hyderabad,Muraharipally Hyderabad,3333,1800,9.99 X 180,,,,Yes,6000000
Plot/Land for Sale in Burgul Hyderabad,Burgul Hyderabad,1667,1485,15 X 99,Freehold,,,Yes,2500000
Plot/Land for Sale in Shadnagar Chevella Road Hyderabad,Shadnagar Chevella Road Hyderabad,1389,1440,,,,,Yes,2000000
Plot/Land for Sale in Zahirabad Hyderabad,Zahirabad Hyderabad,1333,1800,60 X 30,Freehold,,,Yes,2400000
Plot/Land for Sale in Narepally Hyderabad,Narepally Hyderabad,4554,2196,120 X 165,,HMDA,,Yes,10000000
Plot/Land for Sale in manasa valley rajendra nagar budvel 500030 Hyderabad,manasa valley rajendra nagar budvel 500030 Hyderabad,8333,9000,270 X 300,,GHMC,,Yes,75000000
"Plot/Land for Sale in Isnapur, Outer Ring Road Hyderabad",Isnapur,3922,3825,28.3 X 135,,,,Yes,15000000
Plot/Land for Sale in Sadashivpet Hyderabad,Sadashivpet Hyderabad,2116,1323,,Freehold,DTCP,East,No,2800000
Plot/Land for Sale in subhagruha sukrithi samyuktha2 Hyderabad,subhagruha sukrithi samyuktha2 Hyderabad,1973,1647,99 X 150,,DTCP,,Yes,3200000
Plot/Land for Sale in Shadnagar Hyderabad,Shadnagar Hyderabad,16854,267,4.45 X 60,Freehold,DTCP,East,No,4500000
Plot/Land for Sale in Hastinapuram Hyderabad,Hastinapuram Hyderabad,10533,2250,40.9 X 55,,,,Yes,23700000
Plot/Land for Sale in Kodicherla Hyderabad,Kodicherla Hyderabad,1085,11980,333 X 36,Freehold,HMDA,East,No,13000000
Plot/Land for Sale in Sangareddy Hyderabad,Sangareddy Hyderabad,1639,1647,,Freehold,DTCP,East,No,2700000
Plot/Land for Sale in Turkayamjal Hyderabad,Turkayamjal Hyderabad,9025,2493,,Freehold,,,Yes,22500000
Plot/Land for Sale in Alwal Hyderabad,Alwal Hyderabad,8482,2358,195 X 108,Freehold,GHMC,,Yes,20000000
Plot/Land for Sale in Rajendranagar Mandal Hyderabad,Rajendranagar Mandal Hyderabad,16667,3753,75 X 50,Freehold,,,Yes,62600000
Plot/Land for Sale in Bibinagar Hyderabad,Bibinagar Hyderabad,1583,1800,,Freehold,HMDA,East,No,2800000
"Plot/Land for Sale in Miyapur, NH 9 Hyderabad",Miyapur,5556,36000,1500 X 900,Freehold,GHMC,,Yes,200000000
Plot/Land for Sale in Shamshabad Hyderabad,Shamshabad Hyderabad,5556,54000,1500 X 900,Freehold,HMDA,,Yes,300000000
Plot/Land for Sale in Lakdaram Hyderabad,Lakdaram Hyderabad,4778,3735,37.2 X 100,,,,Yes,17800000
Plot/Land for Sale in Srisailam Highway Hyderabad,Srisailam Highway Hyderabad,20000,500,,Freehold,HMDA,East,No,10000000
Plot/Land for Sale in Kallakal Hyderabad,Kallakal Hyderabad,2000,4500,270 X 16.7,Freehold,DTCP,East,No,9000000
Plot/Land for Sale in Medchal Hyderabad,Medchal Hyderabad,4444,5400,,,,,Yes,24000000
Plot/Land for Sale in Shankarpalle Hyderabad,Shankarpalle Hyderabad,2503,4995,,Freehold,,East,No,12500000
Plot/Land for Sale in Rampally Hyderabad,Rampally Hyderabad,4040,2475,,,GHMC,,Yes,10000000
"Plot/Land for Sale in Ghatkesar, NH 2 2 Hyderabad",Ghatkesar,2755,2178,45 X 48.4,Freehold,HMDA,East,No,6000000
Plot/Land for Sale in Bachupally Hyderabad,Bachupally Hyderabad,11111,3000,50 X 60,Freehold,HMDA,,Yes,33300000
Plot/Land for Sale in Bibinagar Hyderabad,Bibinagar Hyderabad,1392,3951,,,,East,No,5500000
"Plot/Land for Sale in Isnapur, Outer Ring Road Hyderabad",Isnapur,4508,3150,70 X 45,Freehold,,,Yes,14200000
"Plot/Land for Sale in Saket, Secunderabad Hyderabad",Saket,8670,2601,195 X 120,Freehold,GHMC,,Yes,22600000
"Plot/Land for Sale in Gundlapochampally, Outer Ring Road Hyderabad",Gundlapochampally,3333,1782,18 X 99,Freehold,HMDA,East,No,5900000
Plot/Land for Sale in Shadnagar Hyderabad,Shadnagar Hyderabad,1833,2700,,,DTCP,,Yes,4900000
"Plot/Land for Sale in Tukkuguda, Srisailam Highway Hyderabad",Tukkuguda,3009,2160,,,,,Yes,6500000
"Plot/Land for Sale in Bbg True Gold 2 Phase 7, Shadnagar, Hyderabad Hyderabad",Bbg True Gold 2 Phase 7,1297,1773,,,,,Yes,2300000
Plot/Land for Sale in Shankarpalli Road Hyderabad,Shankarpalli Road Hyderabad,1778,9000,30 X 300,,,,Yes,16000000
Plot/Land for Sale in Balapur Hyderabad,Balapur Hyderabad,4000,1350,,,GHMC,,Yes,5400000
Plot/Land for Sale in Shadnagar Hyderabad,Shadnagar Hyderabad,1331,3267,,Freehold,DTCP,,Yes,4300000
"Plot/Land for Sale in Dundigal, Outer Ring Road Hyderabad",Dundigal,3953,2403,,Freehold,,West,Yes,9500000
"Plot/Land for Sale in Fortune Farm Valley Maheshwaram, Hyderabad Hyderabad",Fortune Farm Valley Maheshwaram,1333,40500,,,,,Yes,54000000
"Plot/Land for Sale in Moinabad, Chevella Road Hyderabad",Moinabad,3540,2034,51.49 X 39.5,,,,Yes,7200000
Plot/Land for Sale in Dammaiguda Hyderabad,Dammaiguda Hyderabad,4167,1800,50 X 36,Freehold,GHMC,,Yes,7500000
Plot/Land for Sale in Kompally Hyderabad,Kompally Hyderabad,9444,1800,,,,,Yes,17000000
Plot/Land for Sale in Raghavapuram Bibinagar Hyderabad,Raghavapuram Bibinagar Hyderabad,1203,2079,17.1 X 122,,,,Yes,2500000
Plot/Land for Sale in Mallapur Hyderabad,Mallapur Hyderabad,3574,1332,123 X 96,Freehold,GHMC,,Yes,4800000
Plot/Land for Sale in aduri golden heights health village Hyderabad,aduri golden heights health village Hyderabad,1756,2700,,Freehold,GHMC,,Yes,4700000
"Plot/Land for Sale in Rudraram, NH 9 Hyderabad",Rudraram,3111,1836,108 X 17,Freehold,HMDA,East,No,5700000
Plot/Land for Sale in Shankarpalle Rangareddy Hyderabad,Shankarpalle Rangareddy Hyderabad,3612,2547,50 X 51,Freehold,HMDA,,Yes,9200000
Plot/Land for Sale in Harshaguda Hyderabad,Harshaguda Hyderabad,4084,3159,44.9 X 70.3,Freehold,HMDA,,Yes,12900000
Plot/Land for Sale in Shadnagar Hyderabad,Shadnagar Hyderabad,1555,1350,98.9 X 13.7,Freehold,DTCP,East,Yes,2100000
Plot/Land for Sale in Turkapally Hyderabad,Turkapally Hyderabad,2444,1800,36 X 50,Freehold,HMDA,East,No,4400000
"Plot/Land for Sale in Chilkur Balaji Temple Road, Chevella Road Hyderabad",Chilkur Balaji Temple Road,3333,2250,,Freehold,DTCP,,Yes,7500000
Plot/Land for Sale in Farooqnagar Hyderabad,Farooqnagar Hyderabad,2125,1647,,Freehold,DTCP,,Yes,3500000
Plot/Land for Sale in Mithila Nagar Banjara Hills Hyderabad,Mithila Nagar Banjara Hills Hyderabad,28829,1665,,Freehold,,,Yes,48000000
Plot/Land for Sale in Don Bosco Nagar Darga Khaliz Khan Road Hyderabad,Don Bosco Nagar Darga Khaliz Khan Road Hyderabad,10787,2225,54.8 X 40.6,Freehold,,,Yes,24000000
Plot/Land for Sale in Lemoor Hyderabad,Lemoor Hyderabad,2222,1800,90 X 20,,HMDA,,Yes,4000000
Plot/Land for Sale in Shadnagar Hyderabad,Shadnagar Hyderabad,2556,1800,,,,,Yes,4600000
Plot/Land for Sale in Masaipet Hyderabad,Masaipet Hyderabad,1778,1350,150 X 9,Freehold,HMDA,East,No,2400000
Plot/Land for Sale in Peddatupra Hyderabad,Peddatupra Hyderabad,4625,8649,93 X 93,Freehold,,,Yes,40000000
Plot/Land for Sale in Bibinagar Hyderabad,Bibinagar Hyderabad,2756,4536,66 X 68.7,,,,Yes,12500000
"Plot/Land for Sale in Isnapur, Outer Ring Road Hyderabad",Isnapur,5342,2808,,Freehold,HMDA,East,No,15000000
Plot/Land for Sale in Pulumamidi Hyderabad,Pulumamidi Hyderabad,1093,2196,,Freehold,HMDA,East,No,2400000
"Plot/Land for Sale in Gundlapochampally, Outer Ring Road Hyderabad",Gundlapochampally,6242,2403,180 X 1335,Freehold,HMDA,,Yes,15000000
Plot/Land for Sale in Sangareddy Hyderabad,Sangareddy Hyderabad,1943,1647,150 X 99,Freehold,DTCP,,Yes,3200000
Plot/Land for Sale in Shamshabad Hyderabad,Shamshabad Hyderabad,1765,1530,,,,,Yes,2700000
Plot/Land for Sale in Shankarpalli Road Hyderabad,Shankarpalli Road Hyderabad,4778,2196,,Freehold,HMDA,West,Yes,10500000
Plot/Land for Sale in Vanasthali Hills Hyderabad,Vanasthali Hills Hyderabad,4000,4500,270 X 16.7,,,,Yes,18000000
"Plot/Land for Sale in Indresham, Bachuguda Hyderabad",Indresham,3556,1350,,Freehold,HMDA,East,No,4800000
"Plot/Land for Sale in Dundigal, Outer Ring Road Hyderabad",Dundigal,6727,2646,110 X 24,,,,Yes,17800000
"Plot/Land for Sale in Kailash Hills, Mahadevpur Colony Hyderabad",Kailash Hills,11111,1800,180 X 9.99,,,,Yes,20000000
Plot/Land for Sale in Bibinagar Hyderabad,Bibinagar Hyderabad,9910,333,,Freehold,HMDA,,Yes,3300000
Plot/Land for Sale in Kamsanpalle Hyderabad,Kamsanpalle Hyderabad,1667,1485,38.5 X 38.5,,,,Yes,2500000
Plot/Land for Sale in Yadagirigutta Hyderabad,Yadagirigutta Hyderabad,1010,1485,,,,,Yes,1500000
Plot/Land for Sale in Shankarpally Road Hyderabad,Shankarpally Road Hyderabad,2424,1980,66 X 30,Freehold,DTCP,East,No,4800000
Plot/Land for Sale in Bacharam Hyderabad,Bacharam Hyderabad,2750,5454,,,HMDA,,Yes,15000000
Plot/Land for Sale in Chevella Hyderabad,Chevella Hyderabad,13884,242,7.33 X 33,Freehold,,East,No,3400000
"Plot/Land for Sale in Chilkur Balaji Temple Road, Chevella Road Hyderabad",Chilkur Balaji Temple Road,20000,1000,,Freehold,,,Yes,20000000
Plot/Land for Sale in Kanajiguda Hyderabad,Kanajiguda Hyderabad,8889,2403,,Freehold,GHMC,,Yes,21400000
Plot/Land for Sale in Medchal Hyderabad,Medchal Hyderabad,4667,3924,108 X 36.3,,,,Yes,18300000
Plot/Land for Sale in Shadnagar Hyderabad,Shadnagar Hyderabad,2187,1980,120 X 150,,DTCP,,Yes,4300000
Plot/Land for Sale in Balapur Road Hyderabad,Balapur Road Hyderabad,2415,2070,174 X 108,Freehold,GHMC,East,No,5000000
Plot/Land for Sale in Keshampet Hyderabad,Keshampet Hyderabad,1361,1323,,,HMDA,,Yes,1800000
Plot/Land for Sale in Nawabpet Hyderabad,Nawabpet Hyderabad,1500,9000,120 X 75,,,,Yes,13500000
Plot/Land for Sale in Lemoor Road Hyderabad,Lemoor Road Hyderabad,26000,300,,,,,Yes,7800000
Plot/Land for Sale in Patancheruvu Hyderabad,Patancheruvu Hyderabad,2778,3600,,,,,Yes,10000000
"Plot/Land for Sale in Kothur, NH 7 Hyderabad",Kothur,3333,9000,120 X 75,Freehold,,East,No,30000000
Plot/Land for Sale in Yadagirigutta Hyderabad,Yadagirigutta Hyderabad,1074,1350,11.2 X 120,,,,Yes,1400000
Plot/Land for Sale in Nandigaon Hyderabad,Nandigaon Hyderabad,3556,1800,300 X 6,Freehold,,,Yes,6400000
Plot/Land for Sale in Ibrahimpatnam Hyderabad,Ibrahimpatnam Hyderabad,1889,1620,,,HMDA,,Yes,3100000
Plot/Land for Sale in Patancheruvu Hyderabad,Patancheruvu Hyderabad,5556,36000,225 X 198,Freehold,GHMC,,Yes,200000000
Plot/Land for Sale in Adibatla Hyderabad,Adibatla Hyderabad,3056,3150,,,HMDA,,Yes,9600000
Plot/Land for Sale in Nehru Outer Ring Road Hyderabad,Nehru Outer Ring Road Hyderabad,2469,1620,10.8 X 150,,,,Yes,4000000
Plot/Land for Sale in Jayalaxmi Nagar Hyderabad,Jayalaxmi Nagar Hyderabad,11667,2700,60 X 45,Freehold,HMDA,,Yes,31500000
Plot/Land for Sale in Bibinagar Hyderabad,Bibinagar Hyderabad,1335,1872,,Freehold,HMDA,East,No,2500000
Plot/Land for Sale in Kongara Kalan Hyderabad,Kongara Kalan Hyderabad,2611,1350,45 X 30,,,,Yes,3500000
Plot/Land for Sale in Reddypalli Hyderabad,Reddypalli Hyderabad,2222,4806,81 X 59.3,,,,Yes,10700000
Plot/Land for Sale in Maheshwaram Hyderabad,Maheshwaram Hyderabad,1399,2385,,,,,Yes,3300000
Plot/Land for Sale in Pratap Singaram Hyderabad,Pratap Singaram Hyderabad,3008,2394,60 X 39.9,Freehold,HMDA,,Yes,7200000
Plot/Land for Sale in Burgul Hyderabad,Burgul Hyderabad,1738,1323,,,DTCP,,Yes,2300000
Plot/Land for Sale in Kompally Hyderabad,Kompally Hyderabad,7551,2781,,,,,Yes,21000000
Plot/Land for Sale in Kolanupaka Hyderabad,Kolanupaka Hyderabad,1674,2500,50 X 50,Freehold,,East,No,4200000
Plot/Land for Sale in Aziz Nagar Hyderabad,Aziz Nagar Hyderabad,2778,10800,270 X 40,Freehold,,,Yes,30000000
Plot/Land for Sale in Bibinagar Hyderabad,Bibinagar Hyderabad,1254,2790,,,DTCP,,Yes,3500000
"Plot/Land for Sale in Isnapur, Outer Ring Road Hyderabad",Isnapur,4167,3600,75 X 48,Freehold,HMDA,,Yes,15000000
Plot/Land for Sale in Pulumamidi Hyderabad,Pulumamidi Hyderabad,1944,2160,60 X 36,Freehold,HMDA,East,No,4200000
Plot/Land for Sale in Gaddapotharam Hyderabad,Gaddapotharam Hyderabad,2167,1800,,,,,Yes,3900000
Plot/Land for Sale in Bogaram Hyderabad,Bogaram Hyderabad,1889,1980,36 X 55,Freehold,HMDA,East,Yes,3700000
"Plot/Land for Sale in Isnapur, Outer Ring Road Hyderabad",Isnapur,5000,2400,60 X 40,Freehold,HMDA,East,No,12000000
"Plot/Land for Sale in Quthbullapur, NH 7 Hyderabad",Quthbullapur,9988,2403,180 X 120,Freehold,,,Yes,24000000
Plot/Land for Sale in Gajularamaram Hyderabad,Gajularamaram Hyderabad,8667,2394,180 X 120,,,,Yes,20700000
Plot/Land for Sale in Shankarpally Road Hyderabad,Shankarpally Road Hyderabad,36364,220,,,,,Yes,8000000
Plot/Land for Sale in Shankarpalli Road Hyderabad,Shankarpalli Road Hyderabad,2500,1800,,,,,Yes,4500000
Plot/Land for Sale in Shankarpalle Rangareddy Hyderabad,Shankarpalle Rangareddy Hyderabad,5826,2403,,,HMDA,,Yes,14000000
Plot/Land for Sale in Mokila Hyderabad,Mokila Hyderabad,11111,18000,1500 X 600,Freehold,HMDA,,Yes,200000000
Plot/Land for Sale in Mumbai Highway Hyderabad,Mumbai Highway Hyderabad,1333,1800,,Freehold,DTCP,East,No,2400000
Plot/Land for Sale in Lemoor Hyderabad,Lemoor Hyderabad,1111,2160,,,,,Yes,2400000
Plot/Land for Sale in Shadnagar Hyderabad,Shadnagar Hyderabad,1512,1323,,,,,Yes,2000000
Plot/Land for Sale in Kowkoor Main Road Hyderabad,Kowkoor Main Road Hyderabad,5000,5850,390 X 129,Freehold,,East,No,29200000
Plot/Land for Sale in Narepally Hyderabad,Narepally Hyderabad,4444,2250,,,,,Yes,10000000
"Plot/Land for Sale in Kothur, NH 7 Hyderabad",Kothur,1667,2700,,,,,Yes,4500000
Plot/Land for Sale in Nagole Hyderabad,Nagole Hyderabad,4444,2700,,,,,Yes,12000000
Plot/Land for Sale in Ibrahimpatnam Hyderabad,Ibrahimpatnam Hyderabad,2222,1485,108 X 126,,HMDA,,No,3300000
Plot/Land for Sale in Yacharam Hyderabad,Yacharam Hyderabad,1485,1647,,Freehold,DTCP,,Yes,2400000
Plot/Land for Sale in Nadargul Hyderabad,Nadargul Hyderabad,4000,1000,20 X 50,Freehold,,,Yes,4000000
Plot/Land for Sale in Sadashivpet Hyderabad,Sadashivpet Hyderabad,2000,1800,16.7 X 108,,,,Yes,3600000
Plot/Land for Sale in Kompally Hyderabad,Kompally Hyderabad,6683,3591,,,,,Yes,24000000
Plot/Land for Sale in Jubilee Hills Hyderabad,Jubilee Hills Hyderabad,5556,36000,,,GHMC,,Yes,200000000
Plot/Land for Sale in Shamshabad Hyderabad,Shamshabad Hyderabad,9444,900,,,,,Yes,8500000
"Plot/Land for Sale in Mallampet, Outer Ring Road Hyderabad",Mallampet,60000,200,50 X 36,Freehold,HMDA,,Yes,12000000
Plot/Land for Sale in Yapral Hyderabad,Yapral Hyderabad,8333,2400,60 X 40,Freehold,HMDA,,Yes,20000000
Plot/Land for Sale in Timmapur Hyderabad,Timmapur Hyderabad,2003,4446,,,,,Yes,8900000
"Plot/Land for Sale in Kothur, NH 7 Hyderabad",Kothur,2222,1800,,,,,Yes,4000000
"Plot/Land for Sale in Ameerpet, NH 9 Hyderabad",Ameerpet,1222,27660,98.1 X 282,Freehold,HMDA,East,No,33800000
Plot/Land for Sale in Rameshwar Banda Hyderabad,Rameshwar Banda Hyderabad,2778,3996,24.8 X 161,,,,Yes,11100000
Plot/Land for Sale in Netaji Nagar Gulmohar Park Colony Hyderabad,Netaji Nagar Gulmohar Park Colony Hyderabad,12963,1080,40 X 27,Freehold,GHMC,,Yes,14000000
Plot/Land for Sale in Shamirpet Hyderabad,Shamirpet Hyderabad,2222,3600,48 X 75,Freehold,HMDA,,Yes,8000000
Plot/Land for Sale in Shankarpalle Hyderabad,Shankarpalle Hyderabad,1929,1503,,Freehold,,East,No,2900000
Plot/Land for Sale in Shamirpet Hyderabad,Shamirpet Hyderabad,3327,1503,90 X 16.7,,,,Yes,5000000
Plot/Land for Sale in Kondakal Hyderabad,Kondakal Hyderabad,8333,2250,45 X 50,Freehold,,,Yes,18700000
Plot/Land for Sale in Shankarpalle Rangareddy Hyderabad,Shankarpalle Rangareddy Hyderabad,2778,1800,36 X 50,Freehold,,East,No,5000000
Plot/Land for Sale in Kompally Hyderabad,Kompally Hyderabad,3556,1503,12.5 X 120,Freehold,HMDA,,Yes,5300000
Plot/Land for Sale in Adibatla Hyderabad,Adibatla Hyderabad,1111,1800,,,,,Yes,2000000
Plot/Land for Sale in Kompally Hyderabad,Kompally Hyderabad,9444,3600,60 X 60,Freehold,HMDA,,Yes,34000000
Plot/Land for Sale in Mokila Hyderabad,Mokila Hyderabad,6111,2232,186 X 12,,HMDA,,Yes,13600000
Plot/Land for Sale in Maheshwaram Hyderabad,Maheshwaram Hyderabad,5106,8460,,,,,Yes,43200000
"Plot/Land for Sale in Rudraram, NH 9 Hyderabad",Rudraram,2222,4950,,,,,Yes,11000000
"Plot/Land for Sale in Kothur, NH 7 Hyderabad",Kothur,1313,1980,,,,,Yes,2600000
Plot/Land for Sale in Raghavendra Nagar Shivarampally Jagir Hyderabad,Raghavendra Nagar Shivarampally Jagir Hyderabad,85000,2000,150 X 120,Freehold,,,Yes,170000000
Plot/Land for Sale in Hyderguda Attapur Hyderabad,Hyderguda Attapur Hyderabad,15179,1647,50.7 X 32.5,,,,Yes,25000000
"Plot/Land for Sale in Kachiguda, NH 2 2 Hyderabad",Kachiguda,3333,540,,Freehold,,,Yes,1800000
Plot/Land for Sale in Adibatla Hyderabad,Adibatla Hyderabad,2439,1476,108 X 13.7,Freehold,HMDA,,Yes,3600000
Plot/Land for Sale in Srisailam Highway Hyderabad,Srisailam Highway Hyderabad,1111,1350,42 X 33,Freehold,DTCP,East,No,1500000
Plot/Land for Sale in Bangalore Hyderabad Highway Hyderabad,Bangalore Hyderabad Highway Hyderabad,1444,1647,18.3 X 90,Freehold,DTCP,,Yes,2400000
Plot/Land for Sale in Sangareddy Hyderabad,Sangareddy Hyderabad,2155,1485,135 X 96,Freehold,DTCP,East,No,3200000
"Plot/Land for Sale in Ghatkesar, NH 2 2 Hyderabad",Ghatkesar,1111,2340,,,,,Yes,2600000
Plot/Land for Sale in Shadnagar Hyderabad,Shadnagar Hyderabad,1209,1323,,,DTCP,,Yes,1600000
"Plot/Land for Sale in Patancheru Industrial Area, Outer Ring Road Hyderabad",Patancheru Industrial Area,3337,2997,,,,,Yes,10000000
Plot/Land for Sale in Gajularamaram Hyderabad,Gajularamaram Hyderabad,4998,6003,,,,,Yes,30000000
Plot/Land for Sale in Gajularamaram Hyderabad,Gajularamaram Hyderabad,7333,1800,180 X 90,,,,Yes,13200000
"Plot/Land for Sale in Boduppal, NH 2 2 Hyderabad",Boduppal,8888,2376,,,,,Yes,21100000
"Plot/Land for Sale in Machabollaram, Medchal Road Hyderabad",Machabollaram,10000,1800,54.5 X 33,Freehold,GHMC,East,No,18000000
Plot/Land for Sale in Yacharam Hyderabad,Yacharam Hyderabad,6198,121,,Freehold,,East,No,700000
Plot/Land for Sale in Suchitra Road Hyderabad,Suchitra Road Hyderabad,8995,1890,36.6 X 51.6,,,,Yes,17000000
Plot/Land for Sale in Penjerla Hyderabad,Penjerla Hyderabad,1122,1782,,,,,Yes,2000000
Plot/Land for Sale in Sai Nagar Indresham Hyderabad,Sai Nagar Indresham Hyderabad,2500,1800,150 X 108,,HMDA,,Yes,4500000
Plot/Land for Sale in Mangalpally Hyderabad,Mangalpally Hyderabad,1333,1800,,,,,Yes,2400000
Plot/Land for Sale in Maheshwaram Hyderabad,Maheshwaram Hyderabad,2360,4916,,,,,Yes,11600000
"Plot/Land for Sale in Hayat Nagar, Rajendra Nagar, Outer Ring Road Hyderabad",Hayat Nagar,3333,1287,,Freehold,GHMC,,Yes,4300000
"Plot/Land for Sale in Gundlapochampally, Outer Ring Road Hyderabad",Gundlapochampally,6081,1809,15.1 X 120,,HMDA,,Yes,11000000
Plot/Land for Sale in Medchal Hyderabad,Medchal Hyderabad,2222,3051,,,,,Yes,6800000
Plot/Land for Sale in Bibinagar Hyderabad,Bibinagar Hyderabad,2222,2250,,Freehold,,,Yes,5000000
"Plot/Land for Sale in Isnapur, Outer Ring Road Hyderabad",Isnapur,3209,2493,,,DTCP,,Yes,8000000
Plot/Land for Sale in Kallakal Hyderabad,Kallakal Hyderabad,2222,2115,,,,,Yes,4700000
Plot/Land for Sale in 5th City Kandukur Hyderabad,5th City Kandukur Hyderabad,34333,180,150 X 111,,HMDA,,Yes,6200000
Plot/Land for Sale in Medchal Hyderabad,Medchal Hyderabad,2444,9000,,,,,Yes,22000000
Plot/Land for Sale in Rachaloor Hyderabad,Rachaloor Hyderabad,2705,2403,,Freehold,HMDA,,Yes,6500000
"Plot/Land for Sale in Moinabad, Chevella Road Hyderabad",Moinabad,2444,1800,,,,,Yes,4400000
Plot/Land for Sale in East Marredpally Hyderabad,East Marredpally Hyderabad,13333,4500,213 X 21.1,Freehold,,East,No,60000000
Plot/Land for Sale in Bhuvanagiri Hyderabad,Bhuvanagiri Hyderabad,1001,2997,,,,,Yes,3000000
Plot/Land for Sale in Adibatla Hyderabad,Adibatla Hyderabad,6410,2340,,Freehold,,East,No,15000000
Plot/Land for Sale in Hayathnagar Khalsa Hyderabad,Hayathnagar Khalsa Hyderabad,7500,2400,60 X 40,Freehold,,East,No,18000000
Plot/Land for Sale in Nandigaon Hyderabad,Nandigaon Hyderabad,5389,1800,,Freehold,HMDA,East,No,9700000
"Plot/Land for Sale in Maheswaram Lines, Chandrayangutta, Srisailam Highway Hyderabad",Maheswaram Lines,1597,1440,,,,,Yes,2300000
"Plot/Land for Sale in Ghatkesar, NH 2 2 Hyderabad",Ghatkesar,1556,1980,,,HMDA,East,No,3100000
Plot/Land for Sale in Hayathnagar Khalsa Hyderabad,Hayathnagar Khalsa Hyderabad,10010,1998,,,,,Yes,20000000
Plot/Land for Sale in Balapur Hyderabad,Balapur Hyderabad,2778,1566,,,,,Yes,4400000
Plot/Land for Sale in Shamshabad Hyderabad,Shamshabad Hyderabad,5556,4500,,,,,Yes,25000000
Plot/Land for Sale in Lemoor Hyderabad,Lemoor Hyderabad,2329,1503,,,HMDA,East,No,3500000
Plot/Land for Sale in Nadergul Road Hyderabad,Nadergul Road Hyderabad,1481,2700,20 X 135,Freehold,,,Yes,4000000
Plot/Land for Sale in DTCP MEDCHAL Hyderabad,DTCP MEDCHAL Hyderabad,2096,5247,225 X 210,,DTCP,,Yes,11000000
Plot/Land for Sale in Machanpalle Shabad Hyderabad,Machanpalle Shabad Hyderabad,2963,2700,45 X 60,Freehold,,East,No,8000000
Plot/Land for Sale in Shapur Nagar Hyderabad,Shapur Nagar Hyderabad,6944,2160,480 X 240,,,,Yes,15000000
Plot/Land for Sale in Garden of Eden 8 Hyderabad,Garden of Eden 8 Hyderabad,1145,1485,45 X 33,,GHMC,,Yes,1700000
Plot/Land for Sale in Ibrahimpatnam Hyderabad,Ibrahimpatnam Hyderabad,5000,2000,,,,,Yes,10000000
Plot/Land for Sale in Kandukur Hyderabad,Kandukur Hyderabad,3098,3744,,,HMDA,,Yes,11600000
"Plot/Land for Sale in Bowrampet, Outer Ring Road Hyderabad",Bowrampet,2444,7506,,,,,Yes,18300000
Plot/Land for Sale in Shadnagar Hyderabad,Shadnagar Hyderabad,1852,1620,,Freehold,HMDA,,Yes,3000000
Plot/Land for Sale in Shamshabad Hyderabad,Shamshabad Hyderabad,31250,3200,,,GHMC,,Yes,100000000
Plot/Land for Sale in Rajendranagar Mandal Hyderabad,Rajendranagar Mandal Hyderabad,5556,36000,1500 X 600,Freehold,GHMC,,Yes,200000000
Plot/Land for Sale in Shankarpalli Road Hyderabad,Shankarpalli Road Hyderabad,5556,18000,1500 X 600,Freehold,HMDA,,Yes,100000000
Plot/Land for Sale in Patancheruvu Hyderabad,Patancheruvu Hyderabad,5556,18000,1500 X 600,Freehold,HMDA,,Yes,100000000
Plot/Land for Sale in Shadnagar Bypass Road Hyderabad,Shadnagar Bypass Road Hyderabad,2667,1485,,,HMDA,,Yes,4000000
Plot/Land for Sale in Shadnagar Hyderabad,Shadnagar Hyderabad,1212,1980,,,,,Yes,2400000
Plot/Land for Sale in Maheshwaram Hyderabad,Maheshwaram Hyderabad,2333,45000,,,,,Yes,105000000
Plot/Land for Sale in Warangal Highway Hyderabad,Warangal Highway Hyderabad,6617,133,,,,East,No,900000
"Plot/Land for Sale in Sultanpur, Outer Ring Road Hyderabad",Sultanpur,3333,1350,,,,,Yes,4500000
Plot/Land for Sale in Sangareddy Hyderabad,Sangareddy Hyderabad,1481,1350,120 X 11.2,Freehold,,East,No,2000000
Plot/Land for Sale in Turkayamjal Hyderabad,Turkayamjal Hyderabad,2465,2799,,,,,Yes,6900000
"Plot/Land for Sale in Quthbullapur, NH 7 Hyderabad",Quthbullapur,4556,1800,,,,,Yes,8200000
"Plot/Land for Sale in Raviryal, Outer Ring Road Hyderabad",Raviryal,5556,2250,150 X 135,Freehold,,,Yes,12500000
Plot/Land for Sale in Alwal Hyderabad,Alwal Hyderabad,6313,2376,,Freehold,,,Yes,15000000
Plot/Land for Sale in Sadashivpet Hyderabad,Sadashivpet Hyderabad,1333,1350,,,,,Yes,1800000
Plot/Land for Sale in Ibrahimpatnam Road Hyderabad,Ibrahimpatnam Road Hyderabad,1481,1350,,,,,Yes,2000000
Plot/Land for Sale in TV COLONY RAMANTHPUR Hyderabad,TV COLONY RAMANTHPUR Hyderabad,8130,3690,,,GHMC,,Yes,30000000
Plot/Land for Sale in Hyderguda Hyderabad,Hyderguda Hyderabad,15000,1485,,Freehold,GHMC,,Yes,22300000
Plot/Land for Sale in Mokila Road Hyderabad,Mokila Road Hyderabad,9444,2700,,,,,Yes,25500000
Plot/Land for Sale in Medchal Hyderabad,Medchal Hyderabad,2222,4950,,,,,Yes,11000000
Plot/Land for Sale in Nandigama Kothur Hyderabad,Nandigama Kothur Hyderabad,4171,2997,16.6 X 180,,HMDA,,No,12500000
Plot/Land for Sale in Shankarpalli Road Hyderabad,Shankarpalli Road Hyderabad,3000,1800,180 X 108,Freehold,HMDA,East,No,5400000
Plot/Land for Sale in prakritik vihar balaji nagar yapral Hyderabad,prakritik vihar balaji nagar yapral Hyderabad,6254,4797,180 X 120,Freehold,HMDA,,Yes,30000000
Plot/Land for Sale in Bibinagar Hyderabad,Bibinagar Hyderabad,1222,1350,,,,,Yes,1600000
Plot/Land for Sale in Av devaki meadows Hyderabad,Av devaki meadows Hyderabad,2260,5310,270 X 177,,,,Yes,12000000
Plot/Land for Sale in Chengicherla Hyderabad,Chengicherla Hyderabad,1524,1575,,,,,Yes,2400000
Plot/Land for Sale in Sadashivpet Hyderabad,Sadashivpet Hyderabad,1630,1350,,,,,Yes,2200000
Plot/Land for Sale in Maheshwaram Hyderabad,Maheshwaram Hyderabad,3333,6660,,Freehold,,East,No,22200000
Plot/Land for Sale in Baswapur Siddipet Hyderabad,Baswapur Siddipet Hyderabad,1333,2700,,,,,Yes,3600000
Plot/Land for Sale in open plot Hyderabad,open plot Hyderabad,13095,2520,180 X 126,,GHMC,,Yes,33000000
Plot/Land for Sale in Maheshwaram Hyderabad,Maheshwaram Hyderabad,2249,6669,,,,,Yes,15000000
Plot/Land for Sale in Kavuri Hills Madhapur Hyderabad,Kavuri Hills Madhapur Hyderabad,12027,1746,46.6 X 37.5,,,,Yes,21000000
Plot/Land for Sale in Medchal Hyderabad,Medchal Hyderabad,6944,2880,,,,,Yes,20000000
"Plot/Land for Sale in Moinabad, Chevella Road Hyderabad",Moinabad,3333,11240,,,,,Yes,37500000
Plot/Land for Sale in Mekaguda Hyderabad,Mekaguda Hyderabad,2778,3600,,,,,Yes,10000000
"Plot/Land for Sale in Isnapur, Outer Ring Road Hyderabad",Isnapur,3611,3600,,,,,Yes,13000000
"Plot/Land for Sale in Hayat Nagar, Rajendra Nagar, Outer Ring Road Hyderabad",Hayat Nagar,2000,1800,,,,,Yes,3600000
Plot/Land for Sale in Adibatla Hyderabad,Adibatla Hyderabad,1667,1683,,,,,Yes,2800000
"Plot/Land for Sale in Aushapur, NH 2 2 Hyderabad",Aushapur,1667,9000,540 X 16.7,Freehold,HMDA,,Yes,15000000
Plot/Land for Sale in Nagole Hyderabad,Nagole Hyderabad,3056,1800,600 X 600,,GHMC,,Yes,5500000
"Plot/Land for Sale in Pocharam, NH 2 2 Hyderabad",Pocharam,2778,1800,16.7 X 108,Freehold,,,Yes,5000000
Plot/Land for Sale in Nandi Kandi Hyderabad,Nandi Kandi Hyderabad,2148,1350,99 X 180,,DTCP,,Yes,2900000
Plot/Land for Sale in Kothaguda Batasingaram Hyderabad,Kothaguda Batasingaram Hyderabad,2589,1800,135 X 120,,HMDA,,Yes,4700000
Plot/Land for Sale in Patancheruvu Hyderabad,Patancheruvu Hyderabad,3889,1350,,,,,Yes,5300000
Plot/Land for Sale in Shadnagar Hyderabad,Shadnagar Hyderabad,1667,1080,,,,,Yes,1800000
Plot/Land for Sale in Shankarpalli Road Hyderabad,Shankarpalli Road Hyderabad,2935,1908,,,,,Yes,5600000
Plot/Land for Sale in Shaikpet Hyderabad,Shaikpet Hyderabad,18519,5400,,Freehold,GHMC,,Yes,100000000
"Plot/Land for Sale in Hema Nagar, Secunderabad Hyderabad",Hema Nagar,8889,2700,,,,East,No,24000000
Plot/Land for Sale in Shadnagar Hyderabad,Shadnagar Hyderabad,2252,999,120 X 833,,,East,No,2200000
Plot/Land for Sale in Rangareddy Hyderabad,Rangareddy Hyderabad,10684,936,,,,,Yes,10000000
Plot/Land for Sale in Bhuvanagiri Hyderabad,Bhuvanagiri Hyderabad,1297,1503,,Freehold,,East,No,1900000
Plot/Land for Sale in Patancheru near bhel Hyderabad,Patancheru near bhel Hyderabad,1667,1800,,Freehold,,West,Yes,3000000
Plot/Land for Sale in Peerzadiguda Road Hyderabad,Peerzadiguda Road Hyderabad,3258,3438,279 X 111,,,,Yes,11200000
"Plot/Land for Sale in Moinabad, Chevella Road Hyderabad",Moinabad,1667,10800,180 X 60,,,East,No,18000000
Plot/Land for Sale in Anmagal Hayathnagar Hyderabad,Anmagal Hayathnagar Hyderabad,5168,3870,225 X 153,,GHMC,,Yes,20000000
Plot/Land for Sale in Secunderabad Hyderabad,Secunderabad Hyderabad,1556,36000,,,,,Yes,56000000
Plot/Land for Sale in Chegur Road Hyderabad,Chegur Road Hyderabad,1663,1503,45 X 33.4,,,,Yes,2500000
Plot/Land for Sale in scope farm Hyderabad,scope farm Hyderabad,2222,5400,,Freehold,,,Yes,12000000
Plot/Land for Sale in Yacharam Hyderabad,Yacharam Hyderabad,1587,1323,,,,,Yes,2100000
Plot/Land for Sale in MMR Estate Deshmukhi Village Hyderabad,MMR Estate Deshmukhi Village Hyderabad,1535,14400,,,HMDA,,Yes,22100000
Plot/Land for Sale in Budwel Hyderabad,Budwel Hyderabad,7556,1125,,,,,Yes,8500000
Plot/Land for Sale in Adibatla Hyderabad,Adibatla Hyderabad,2475,1818,,,,,Yes,4500000
Plot/Land for Sale in Amangal Hyderabad,Amangal Hyderabad,2310,1818,54.9 X 33.1,Freehold,HMDA,,Yes,4200000
"Plot/Land for Sale in Hafeezpet, NH 9 Hyderabad",Hafeezpet,11852,2700,,,GHMC,,Yes,32000000
"Plot/Land for Sale in Kothur, NH 7 Hyderabad",Kothur,1244,2412,,,,,Yes,3000000
Plot/Land for Sale in Maheshwaram Hyderabad,Maheshwaram Hyderabad,1321,4995,90 X 55.5,,,,Yes,6600000
Plot/Land for Sale in Yeliminedu Hyderabad,Yeliminedu Hyderabad,1500,1503,150 X 10,Freehold,HMDA,,Yes,2300000
Plot/Land for Sale in Medchal Hyderabad,Medchal Hyderabad,2111,2700,,,,,Yes,5700000
Plot/Land for Sale in Sadashivpet Hyderabad,Sadashivpet Hyderabad,1111,2700,120 X 22.5,Freehold,DTCP,East,No,3000000
Plot/Land for Sale in Bhanur Hyderabad,Bhanur Hyderabad,4444,2097,53.8 X 39,Freehold,HMDA,,Yes,9300000
"Plot/Land for Sale in Gundlapochampally, Outer Ring Road Hyderabad",Gundlapochampally,5778,2394,60 X 39.9,,,,Yes,13800000
Plot/Land for Sale in Chanda Nagar Hyderabad,Chanda Nagar Hyderabad,171795,390,,,,,Yes,67000000
Plot/Land for Sale in Rampally Main Road Hyderabad,Rampally Main Road Hyderabad,5556,1800,,,GHMC,,Yes,10000000
Plot/Land for Sale in Turkapally Hyderabad,Turkapally Hyderabad,1111,1485,11 X 135,Freehold,DTCP,,Yes,1600000
Plot/Land for Sale in Yenkepally Hyderabad,Yenkepally Hyderabad,3889,1800,60 X 30,,,,Yes,7000000
Plot/Land for Sale in Kapra Hyderabad,Kapra Hyderabad,120435,276,,,,,Yes,33200000
Plot/Land for Sale in Maddikunta Hyderabad,Maddikunta Hyderabad,1543,1620,15 X 108,,DTCP,East,No,2500000
Plot/Land for Sale in Kadthal Hyderabad,Kadthal Hyderabad,1803,2385,66 X 36.1,Freehold,DTCP,East,No,4300000
Plot/Land for Sale in Nandi Kandi Hyderabad,Nandi Kandi Hyderabad,2111,1323,120 X 99,Freehold,DTCP,East,No,2800000
Plot/Land for Sale in Sreenagar Hyderabad,Sreenagar Hyderabad,3333,3510,24 X 146,Freehold,,,Yes,11700000
Plot/Land for Sale in Yapral Hyderabad,Yapral Hyderabad,2451,1224,,,,,Yes,3000000
Plot/Land for Sale in Shankarpalle Rangareddy Hyderabad,Shankarpalle Rangareddy Hyderabad,2222,5400,20 X 270,,,East,No,12000000
"Plot/Land for Sale in Hayat Nagar, Rajendra Nagar, Outer Ring Road Hyderabad",Hayat Nagar,2111,2187,,,,,Yes,4600000
Plot/Land for Sale in Shadnagar Hyderabad,Shadnagar Hyderabad,1512,1323,,,DTCP,East,No,2000000
Plot/Land for Sale in Ismailkhanguda Hyderabad,Ismailkhanguda Hyderabad,4154,1926,165 X 105,,,,Yes,8000000
"Plot/Land for Sale in Isnapur, Outer Ring Road Hyderabad",Isnapur,5556,1800,,,,,Yes,10000000
"Plot/Land for Sale in Aushapur, NH 2 2 Hyderabad",Aushapur,1821,1647,,,HMDA,,Yes,3000000
Plot/Land for Sale in Medchal Hyderabad,Medchal Hyderabad,18333,600,,,,,Yes,11000000
"Plot/Land for Sale in Gundlapochampally, Outer Ring Road Hyderabad",Gundlapochampally,5151,1359,,,,,Yes,7000000
Plot/Land for Sale in Chegur Hyderabad,Chegur Hyderabad,1111,4500,,Freehold,DTCP,,Yes,5000000
Plot/Land for Sale in adibatla oppoaite TCS Hyderabad,adibatla oppoaite TCS Hyderabad,6944,1800,,,,,Yes,12500000
Plot/Land for Sale in simhapuri colony Hyderabad,simhapuri colony Hyderabad,11111,2403,180 X 120,,GHMC,,Yes,26700000
Plot/Land for Sale in Adibatla Hyderabad,Adibatla Hyderabad,6944,2160,,Freehold,GHMC,,Yes,15000000
"Plot/Land for Sale in Sirka Oasis, Bhanur Hyderabad",Sirka Oasis,3167,4167,,,,,Yes,13200000
Plot/Land for Sale in Ramachandrapuram Hyderabad,Ramachandrapuram Hyderabad,7500,1800,,Freehold,,East,No,13500000
Plot/Land for Sale in Bibinagar Hyderabad,Bibinagar Hyderabad,1143,2790,60 X 46.5,,,,Yes,3200000
Plot/Land for Sale in silpa dreamvalley Hyderabad,silpa dreamvalley Hyderabad,10000,9000,300 X 270,Freehold,,,Yes,90000000
Plot/Land for Sale in Kadthal Hyderabad,Kadthal Hyderabad,1500,1368,,,DTCP,,Yes,2100000
Plot/Land for Sale in Sai Abhishek Enclave Hyderabad,Sai Abhishek Enclave Hyderabad,10667,150,,,,,Yes,1600000
Plot/Land for Sale in Gantlavelli Hyderabad,Gantlavelli Hyderabad,1370,1314,,Freehold,HMDA,East,No,1800000
Plot/Land for Sale in Shadnagar Hyderabad,Shadnagar Hyderabad,6667,180,,Freehold,HMDA,,Yes,1200000
Plot/Land for Sale in Isnapur Indira Karan Road Hyderabad,Isnapur Indira Karan Road Hyderabad,3159,2153,,,,,Yes,6800000
Plot/Land for Sale in Vikarabad Road Hyderabad,Vikarabad Road Hyderabad,1555,1485,,Freehold,,East,No,2300000
Plot/Land for Sale in Bogaram Hyderabad,Bogaram Hyderabad,1852,2160,60 X 36,Freehold,HMDA,,Yes,4000000
"Plot/Land for Sale in Moinabad, Chevella Road Hyderabad",Moinabad,1667,2403,120 X 180,Freehold,HMDA,,Yes,4000000
Plot/Land for Sale in Thimmapur Hyderabad,Thimmapur Hyderabad,2222,1800,20 X 90,Freehold,HMDA,,Yes,4000000
Plot/Land for Sale in green fields Hyderabad,green fields Hyderabad,1102,1089,,,GHMC,,Yes,1200000
Plot/Land for Sale in Kandukur Hyderabad,Kandukur Hyderabad,1784,4203,,Freehold,HMDA,,Yes,7500000
Plot/Land for Sale in Medchal Hyderabad,Medchal Hyderabad,3333,5400,,,,,Yes,18000000
"Plot/Land for Sale in Miyapur, NH 9 Hyderabad",Miyapur,3333,2700,,,,,Yes,9000000
Plot/Land for Sale in Shadnagar Hyderabad,Shadnagar Hyderabad,1886,1485,,,,,Yes,2800000
"Plot/Land for Sale in Vikrampuri, Secunderabad Hyderabad",Vikrampuri,1389,3528,,Freehold,,,Yes,4900000
Plot/Land for Sale in Turkayamjal Hyderabad,Turkayamjal Hyderabad,6111,3600,,,,,Yes,22000000
"Plot/Land for Sale in Bongloor, Outer Ring Road Hyderabad",Bongloor,2778,2628,,,,,Yes,7300000
Plot/Land for Sale in Shadnagar Hyderabad,Shadnagar Hyderabad,1667,1485,,,,,Yes,2500000
"Plot/Land for Sale in Kothur, NH 7 Hyderabad",Kothur,1444,45000,,,,,Yes,65000000
Plot/Land for Sale in Bhuvanagiri Nalgonda Road Hyderabad,Bhuvanagiri Nalgonda Road Hyderabad,1778,41400,300 X 138,Freehold,HMDA,East,No,73600000
Plot/Land for Sale in Medchal Hyderabad,Medchal Hyderabad,3111,4383,,,,,Yes,13600000
Plot/Land for Sale in Sangareddy Hyderabad,Sangareddy Hyderabad,11429,1050,,,,,Yes,12000000
Plot/Land for Sale in Ibrahimpatnam Hyderabad,Ibrahimpatnam Hyderabad,1852,2160,12 X 180,,,East,No,4000000
"Plot/Land for Sale in Aushapur, NH 2 2 Hyderabad",Aushapur,1778,1503,90 X 150,,HMDA,,Yes,2700000
Plot/Land for Sale in Shadnagar Hyderabad,Shadnagar Hyderabad,1833,1800,,,,,Yes,3300000
Plot/Land for Sale in Shankarpalle Hyderabad,Shankarpalle Hyderabad,1852,135000,,,HMDA,,Yes,250000000
Plot/Land for Sale in Sangareddy Hyderabad,Sangareddy Hyderabad,1778,1800,120 X 135,,DTCP,East,No,3200000
"Plot/Land for Sale in Ghatkesar, NH 2 2 Hyderabad",Ghatkesar,3889,2700,,,,,Yes,10500000
Plot/Land for Sale in Maheshwaram Hyderabad,Maheshwaram Hyderabad,2222,5400,,,,,Yes,12000000
Plot/Land for Sale in Sadashivpet Hyderabad,Sadashivpet Hyderabad,1111,1350,,,DTCP,,Yes,1500000
Plot/Land for Sale in Sangareddy Hyderabad,Sangareddy Hyderabad,1556,1647,,,,,Yes,2600000
"Plot/Land for Sale in Ghatkesar, NH 2 2 Hyderabad",Ghatkesar,2670,2400,,,,,Yes,6400000
Plot/Land for Sale in Yadagirigutta Hyderabad,Yadagirigutta Hyderabad,1111,1800,,,,,Yes,2000000
Plot/Land for Sale in Sangareddy Hyderabad,Sangareddy Hyderabad,4444,1575,,,,,Yes,7000000
Plot/Land for Sale in Dabilpur Hyderabad,Dabilpur Hyderabad,1998,4806,,Freehold,HMDA,,Yes,9600000
Plot/Land for Sale in Shadnagar Hyderabad,Shadnagar Hyderabad,2667,5220,,,,,Yes,13900000
Plot/Land for Sale in Amangal Hyderabad,Amangal Hyderabad,1333,1800,,,,,Yes,2400000
Plot/Land for Sale in Bibinagar Hyderabad,Bibinagar Hyderabad,1730,1503,36 X 41.8,,,,Yes,2600000
Plot/Land for Sale in Chevella Hyderabad,Chevella Hyderabad,3222,6975,,,,,Yes,22500000
Plot/Land for Sale in Shamshabad Hyderabad,Shamshabad Hyderabad,1667,1800,,,,,Yes,3000000
Plot/Land for Sale in Railway Colony Alwal Hyderabad,Railway Colony Alwal Hyderabad,5111,3960,66 X 60,Freehold,,East,No,20200000
Plot/Land for Sale in Gajularamaram Hyderabad,Gajularamaram Hyderabad,8333,1440,,,,,Yes,12000000
Plot/Land for Sale in Shamshabad Hyderabad,Shamshabad Hyderabad,1138,2196,,Freehold,,,No,2500000
"Plot/Land for Sale in Mangalpalle, Outer Ring Road Hyderabad",Mangalpalle,4074,1350,,,HMDA,,Yes,5500000
Plot/Land for Sale in Kandukur Hyderabad,Kandukur Hyderabad,116086,3015,,,,,Yes,350000000
Plot/Land for Sale in Janwada Hyderabad,Janwada Hyderabad,4098,1098,120 X 96,Freehold,,,Yes,4500000
Plot/Land for Sale in Alkapuri Hyderabad,Alkapuri Hyderabad,3000,2700,900 X 156,,,,Yes,8100000
Plot/Land for Sale in Burgul Hyderabad,Burgul Hyderabad,1510,1656,,,DTCP,,Yes,2500000
Plot/Land for Sale in Kandukur Hyderabad,Kandukur Hyderabad,3556,4500,,,,,Yes,16000000
"Plot/Land for Sale in Ghatkesar, NH 2 2 Hyderabad",Ghatkesar,2000,1800,,,,,Yes,3600000
"Plot/Land for Sale in Kothur, NH 7 Hyderabad",Kothur,2462,1503,,,,,Yes,3700000
Plot/Land for Sale in Sangareddy Hyderabad,Sangareddy Hyderabad,2222,1800,,,,,Yes,4000000
Plot/Land for Sale in Gundlapochampalli Hyderabad,Gundlapochampalli Hyderabad,6242,2403,40 X 60.1,Freehold,,East,No,15000000
Plot/Land for Sale in Dammaiguda Hyderabad,Dammaiguda Hyderabad,2778,4653,,,,,Yes,12900000
Plot/Land for Sale in Mahadevpur Colony Hyderabad,Mahadevpur Colony Hyderabad,5167,1800,,,,,Yes,9300000
Plot/Land for Sale in Bandlaguda Jagir Hyderabad,Bandlaguda Jagir Hyderabad,9444,1080,,,GHMC,,Yes,10200000
Plot/Land for Sale in Patancheruvu Hyderabad,Patancheruvu Hyderabad,2917,2160,,,,,Yes,6300000
Plot/Land for Sale in Bhuvanagiri Hyderabad,Bhuvanagiri Hyderabad,2222,5400,,,,,Yes,12000000
Plot/Land for Sale in Shadnagar Hyderabad,Shadnagar Hyderabad,4913,1323,3 X 441,Freehold,GHMC,East,No,6500000
Plot/Land for Sale in Musheerabad Hyderabad,Musheerabad Hyderabad,19531,640,,,,,Yes,12500000
"Plot/Land for Sale in Uppal, NH 2 2 Hyderabad",Uppal,5556,540,,,,,Yes,3000000
Plot/Land for Sale in Kalyanpur Hyderabad,Kalyanpur Hyderabad,6944,720,,,,,Yes,5000000
Plot/Land for Sale in Gudimalkapur Hyderabad,Gudimalkapur Hyderabad,1700,1647,16.6 X 99,,DTCP,East,No,2800000
Plot/Land for Sale in near yadadri temple Hyderabad,near yadadri temple Hyderabad,1111,1980,,Freehold,,East,No,2200000
Plot/Land for Sale in Gudur Hyderabad,Gudur Hyderabad,2222,3150,26.2 X 120,Freehold,,,Yes,7000000
Plot/Land for Sale in Kothur Rangareddy Hyderabad,Kothur Rangareddy Hyderabad,1667,1980,,Freehold,HMDA,East,No,3300000
"Plot/Land for Sale in Pedso 1, Secunderabad Hyderabad",Pedso 1,6852,2700,60 X 45,,,,Yes,18500000
"Plot/Land for Sale in Rudraram, NH 9 Hyderabad",Rudraram,1778,1503,16.7 X 90,,HMDA,,No,2700000
Plot/Land for Sale in Choutuppal Hyderabad,Choutuppal Hyderabad,1926,1350,90 X 15,Freehold,HMDA,,Yes,2600000
Plot/Land for Sale in Ibrahimpatnam Hyderabad,Ibrahimpatnam Hyderabad,2296,2178,42 X 51.9,,,,Yes,5000000
Plot/Land for Sale in Gajularamaram Hyderabad,Gajularamaram Hyderabad,7722,1800,180 X 90,Freehold,GHMC,,Yes,13900000
Plot/Land for Sale in Bhanur Hyderabad,Bhanur Hyderabad,2833,5400,270 X 180,Freehold,,East,No,15300000
Plot/Land for Sale in Amangal Hyderabad,Amangal Hyderabad,1337,2394,150 X 16,Freehold,DTCP,,Yes,3200000
Plot/Land for Sale in Yacharam Hyderabad,Yacharam Hyderabad,1778,1800,54 X 33.3,Freehold,HMDA,East,No,3200000
Plot/Land for Sale in j group Hyderabad,j group Hyderabad,1700,1647,,Freehold,,,Yes,2800000
Plot/Land for Sale in Kothur Rangareddy Hyderabad,Kothur Rangareddy Hyderabad,1886,1485,135 X 11,Freehold,HMDA,East,No,2800000
Plot/Land for Sale in Chengicherla Hyderabad,Chengicherla Hyderabad,5436,1944,162 X 108,Freehold,GHMC,,Yes,10600000
Plot/Land for Sale in Shadnagar Hyderabad,Shadnagar Hyderabad,2297,2133,,,HMDA,East,No,4900000
Plot/Land for Sale in Farooqnagar Hyderabad,Farooqnagar Hyderabad,5000,9000,120 X 75,Freehold,HMDA,East,No,45000000
"Plot/Land for Sale in Ghatkesar, NH 2 2 Hyderabad",Ghatkesar,1333,1800,180 X 9.99,Freehold,,,Yes,2400000
"Plot/Land for Sale in Tukkuguda, Srisailam Highway Hyderabad",Tukkuguda,2767,1500,50 X 30,Freehold,HMDA,East,No,4200000
Plot/Land for Sale in Kallakal Hyderabad,Kallakal Hyderabad,2222,1800,50 X 36,Freehold,HMDA,,Yes,4000000
Plot/Land for Sale in Badangpet Hyderabad,Badangpet Hyderabad,3643,1647,30 X 55,Freehold,,,Yes,6000000
Plot/Land for Sale in Sadashivpet Hyderabad,Sadashivpet Hyderabad,2222,1800,180 X 90,,DTCP,,Yes,4000000
Plot/Land for Sale in Ramoji Film City Main Road Hyderabad,Ramoji Film City Main Road Hyderabad,1111,1350,60 X 22.5,Freehold,HMDA,,Yes,1500000
Plot/Land for Sale in Sangareddy Hyderabad,Sangareddy Hyderabad,2131,1647,39 X 42.2,Freehold,DTCP,East,No,3500000
Plot/Land for Sale in Balanagar Hyderabad,Balanagar Hyderabad,2333,3150,222 X 14.2,Freehold,,East,Yes,7300000
"Plot/Land for Sale in Aushapur, NH 2 2 Hyderabad",Aushapur,1889,1755,15.8 X 111,Freehold,HMDA,,Yes,3300000
Plot/Land for Sale in Manoharabad Hyderabad,Manoharabad Hyderabad,23982,221,13 X 17,Freehold,HMDA,,Yes,5300000
Plot/Land for Sale in Choutuppal Hyderabad,Choutuppal Hyderabad,2519,1350,,,HMDA,,Yes,3400000
Plot/Land for Sale in Inole Hyderabad,Inole Hyderabad,2128,8460,30.7 X 276,Freehold,,,Yes,18000000
Plot/Land for Sale in Kompally Hyderabad,Kompally Hyderabad,9444,900,30 X 30,Freehold,HMDA,,Yes,8500000
Plot/Land for Sale in Kandukur Hyderabad,Kandukur Hyderabad,2778,9000,390 X 294,Freehold,HMDA,East,No,25000000
Plot/Land for Sale in Nandigaon Hyderabad,Nandigaon Hyderabad,1873,2403,,,,,Yes,4500000
Plot/Land for Sale in Pulumamidi Hyderabad,Pulumamidi Hyderabad,1763,1503,,,,,Yes,2600000
Plot/Land for Sale in Shankarpalle Rangareddy Hyderabad,Shankarpalle Rangareddy Hyderabad,1940,5670,,Freehold,,,Yes,11000000
Plot/Land for Sale in Chinna Mangalaram Hyderabad,Chinna Mangalaram Hyderabad,2111,4500,150 X 270,Freehold,,East,No,9500000
Plot/Land for Sale in Shamshabad Mamidipally Road Hyderabad,Shamshabad Mamidipally Road Hyderabad,3889,2700,,Freehold,HMDA,,Yes,10500000
Plot/Land for Sale in Kandwada Hyderabad,Kandwada Hyderabad,1000,3600,180 X 180,Freehold,GHMC,East,No,3600000
Plot/Land for Sale in Burgul Hyderabad,Burgul Hyderabad,1020,1323,,,,,Yes,1300000
Plot/Land for Sale in Sangareddy Hyderabad,Sangareddy Hyderabad,1890,1323,138 X 90,Freehold,DTCP,East,No,2500000
"Plot/Land for Sale in JB's Nature Valley, Choutuppal Gundrampalli Hyderabad",JB's Nature Valley,1333,2700,,,,,Yes,3600000
Plot/Land for Sale in RCI Road Hyderabad,RCI Road Hyderabad,3556,3600,,,,East,No,12800000
Plot/Land for Sale in Shankarpalli Road Hyderabad,Shankarpalli Road Hyderabad,18333,1350,,Freehold,DTCP,East,No,24700000
"Plot/Land for Sale in Moinabad, Chevella Road Hyderabad",Moinabad,9900,1722,208 X 72,,,East,No,17000000
Plot/Land for Sale in Kalvakurti Road Hyderabad,Kalvakurti Road Hyderabad,1333,1080,,,,,Yes,1400000
Plot/Land for Sale in Shankarpalli Road Hyderabad,Shankarpalli Road Hyderabad,2800,1500,,,,,Yes,4200000
Plot/Land for Sale in P Anantharam Hyderabad,P Anantharam Hyderabad,1778,1800,90 X 20,,,,Yes,3200000
Plot/Land for Sale in Qutubullapur Hyderabad,Qutubullapur Hyderabad,14583,2400,61.5 X 39,Freehold,,,Yes,35000000
Plot/Land for Sale in Kadthal Hyderabad,Kadthal Hyderabad,1333,1350,45 X 30,Freehold,DTCP,,Yes,1800000
Plot/Land for Sale in Manneguda Hyderabad,Manneguda Hyderabad,2778,1980,32 X 61.88,Freehold,HMDA,,Yes,5500000
Plot/Land for Sale in Bibinagar Hyderabad,Bibinagar Hyderabad,1333,1800,60 X 30,Freehold,,East,Yes,2400000
Plot/Land for Sale in Kandukur Hyderabad,Kandukur Hyderabad,2667,1350,15 X 90,Freehold,HMDA,East,Yes,3600000
Plot/Land for Sale in Shamshabad Hyderabad,Shamshabad Hyderabad,3222,2250,75 X 30,Freehold,HMDA,,Yes,7200000
Plot/Land for Sale in Adibatla Hyderabad,Adibatla Hyderabad,3582,1647,45 X 36.6,Freehold,HMDA,East,Yes,5900000
Plot/Land for Sale in Tarur Hyderabad,Tarur Hyderabad,3759,2394,,Freehold,HMDA,East,No,9000000
"Plot/Land for Sale in Peerzadiguda, NH 2 2 Hyderabad",Peerzadiguda,5589,1503,,,GHMC,,Yes,8400000
Plot/Land for Sale in Lalgadi Malakpet Hyderabad,Lalgadi Malakpet Hyderabad,3335,10490,46.6 X 225,Freehold,HMDA,East,No,35000000
Plot/Land for Sale in Shamshabad Hyderabad,Shamshabad Hyderabad,7375,2034,,,GHMC,,Yes,15000000
Plot/Land for Sale in Bachuguda Hyderabad,Bachuguda Hyderabad,2667,1800,,,,,Yes,4800000
Plot/Land for Sale in Thimmapur Jagdevpur Hyderabad,Thimmapur Jagdevpur Hyderabad,1111,1350,144 X 939,Freehold,DTCP,,Yes,1500000
Plot/Land for Sale in Kadthal Hyderabad,Kadthal Hyderabad,1485,6732,,Freehold,DTCP,East,No,10000000
Plot/Land for Sale in Bhuvanagiri Hyderabad,Bhuvanagiri Hyderabad,1002,1647,49.9 X 33,Freehold,,,Yes,1700000
Plot/Land for Sale in Shadnagar Hyderabad,Shadnagar Hyderabad,1061,1320,40 X 33,,,,Yes,1400000
Plot/Land for Sale in Ibrahimpatnam Hyderabad,Ibrahimpatnam Hyderabad,2778,1800,135 X 120,Freehold,HMDA,,Yes,5000000
Plot/Land for Sale in Velmala Hyderabad,Velmala Hyderabad,5000,3600,,Freehold,HMDA,,Yes,18000000
Plot/Land for Sale in Turkapally Hyderabad,Turkapally Hyderabad,1204,2160,180 X 12,Freehold,HMDA,East,No,2600000
Plot/Land for Sale in Adibatla Hyderabad,Adibatla Hyderabad,2395,1503,150 X 90,,HMDA,,Yes,3600000
Plot/Land for Sale in Dream City Bharat Future City Hyderabad,Dream City Bharat Future City Hyderabad,1944,1323,99 X 135,Freehold,DTCP,East,No,2600000
Plot/Land for Sale in Patancheruvu Hyderabad,Patancheruvu Hyderabad,1444,2178,135 X 16.1,Freehold,HMDA,East,No,3100000
Plot/Land for Sale in Mokila Hyderabad,Mokila Hyderabad,6667,2403,20 X 120,,HMDA,East,No,16000000
Plot/Land for Sale in Nadigada Tanda Hyderabad,Nadigada Tanda Hyderabad,18215,2196,120 X 18.3,Freehold,HMDA,East,Yes,40000000
"Plot/Land for Sale in Kollur, Outer Ring Road Hyderabad",Kollur,4505,1998,,Freehold,HMDA,East,No,9000000
Plot/Land for Sale in Kadthal Hyderabad,Kadthal Hyderabad,1444,1503,,Freehold,DTCP,East,No,2200000
Plot/Land for Sale in Maheshwaram Hyderabad,Maheshwaram Hyderabad,2222,1800,108 X 16.7,Freehold,HMDA,,Yes,4000000
Plot/Land for Sale in Shadnagar Hyderabad,Shadnagar Hyderabad,1333,1620,45 X 36,Freehold,DTCP,East,No,2200000
Plot/Land for Sale in Vikarabad Road Hyderabad,Vikarabad Road Hyderabad,2315,2160,36 X 60,Freehold,,East,No,5000000
Plot/Land for Sale in Bhanur Hyderabad,Bhanur Hyderabad,3037,8001,114 X 70,Freehold,,North,Yes,24300000
"Plot/Land for Sale in Tukkuguda, Srisailam Highway Hyderabad",Tukkuguda,2667,2160,,Freehold,HMDA,East,No,5800000
Plot/Land for Sale in Gudoor Hyderabad,Gudoor Hyderabad,2000,2403,,Freehold,HMDA,,Yes,4800000
Plot/Land for Sale in Mallapur Balapur Hyderabad,Mallapur Balapur Hyderabad,3333,1620,150 X 10.8,Freehold,,,Yes,5400000
Plot/Land for Sale in TNGOS Colony Hyderabad,TNGOS Colony Hyderabad,16633,1503,150 X 9.99,,,,Yes,25000000
Plot/Land for Sale in Shantinagar Colony Hyderabad,Shantinagar Colony Hyderabad,24603,6300,33.3 X 189,Freehold,HMDA,,Yes,155000000
Plot/Land for Sale in Shadnagar Hyderabad,Shadnagar Hyderabad,1111,1350,54 X 25,Freehold,HMDA,,Yes,1500000
Plot/Land for Sale in Alwal Hyderabad,Alwal Hyderabad,6790,1800,90 X 180,Freehold,GHMC,East,No,12200000
"Plot/Land for Sale in Tanasha Nagar, Outer Ring Road Hyderabad",Tanasha Nagar,27778,9000,110 X 81.82,Freehold,HMDA,,Yes,250000000
Plot/Land for Sale in Upperpally Hyderabad,Upperpally Hyderabad,10556,3213,,,HMDA,,Yes,33900000
"Plot/Land for Sale in Moinabad, Chevella Road Hyderabad",Moinabad,1500,3600,48 X 75,Freehold,,East,No,5400000
Plot/Land for Sale in Bachupally Hyderabad,Bachupally Hyderabad,1778,5670,,,,,Yes,10100000
"Plot/Land for Sale in Dundigal, Outer Ring Road Hyderabad",Dundigal,3667,1800,,,HMDA,,Yes,6600000
Plot/Land for Sale in Medchal Hyderabad,Medchal Hyderabad,16667,27,,,,,Yes,500000
Plot/Land for Sale in Maheshwaram Hyderabad,Maheshwaram Hyderabad,1778,2250,,Freehold,HMDA,East,No,4000000
Plot/Land for Sale in Kadthal Hyderabad,Kadthal Hyderabad,1880,4788,75 X 63.8,,,,Yes,9000000
"Plot/Land for Sale in Ghatkesar, NH 2 2 Hyderabad",Ghatkesar,2556,1503,55.8 X 26.9,Freehold,HMDA,East,No,3800000
Plot/Land for Sale in Ibrahimpatnam Road Hyderabad,Ibrahimpatnam Road Hyderabad,1057,1485,99 X 15,,,,Yes,1600000
Plot/Land for Sale in Bibinagar Hyderabad,Bibinagar Hyderabad,2236,1494,50 X 30,Freehold,,East,No,3300000
"Plot/Land for Sale in Patancheru Industrial Area, Outer Ring Road Hyderabad",Patancheru Industrial Area,7955,2200,55 X 40,,,,Yes,17500000
Plot/Land for Sale in Almasguda Hyderabad,Almasguda Hyderabad,4222,2349,40.6 X 57.9,Freehold,,,Yes,9900000
Plot/Land for Sale in Sangareddy Hyderabad,Sangareddy Hyderabad,2550,1647,,Freehold,,,Yes,4200000
Plot/Land for Sale in Maheshwaram Hyderabad,Maheshwaram Hyderabad,2667,1800,,,,,Yes,4800000
Plot/Land for Sale in Alwal Hyderabad,Alwal Hyderabad,6667,1800,,,,,Yes,12000000
"Plot/Land for Sale in Vanasthalipuram, NH 9 Hyderabad",Vanasthalipuram,4689,1800,,,,,Yes,8400000
Plot/Land for Sale in Kompally Hyderabad,Kompally Hyderabad,8667,3870,192 X 177,,GHMC,East,No,33500000
Plot/Land for Sale in Shamshabad Hyderabad,Shamshabad Hyderabad,1667,1800,,,,,Yes,3000000
Plot/Land for Sale in Medchal Hyderabad,Medchal Hyderabad,2089,2394,,,,,Yes,5000000
"Plot/Land for Sale in Hayat Nagar, Rajendra Nagar, Outer Ring Road Hyderabad",Hayat Nagar,1029,1944,,,,,Yes,2000000
Plot/Land for Sale in Maheshwaram Hyderabad,Maheshwaram Hyderabad,1224,1503,,,,,Yes,1800000
Plot/Land for Sale in Shamirpet Hyderabad,Shamirpet Hyderabad,2688,1116,,,,,Yes,3000000
Plot/Land for Sale in Sadashivpet Hyderabad,Sadashivpet Hyderabad,3313,2475,240 X 90,Freehold,HMDA,East,No,8200000
Plot/Land for Sale in Kongara Kalan Hyderabad,Kongara Kalan Hyderabad,3492,3150,225 X 14,Freehold,HMDA,East,No,11000000
"Plot/Land for Sale in Isnapur, Outer Ring Road Hyderabad",Isnapur,1377,2178,,,,,Yes,3000000
Plot/Land for Sale in Yacharam Hyderabad,Yacharam Hyderabad,1944,1323,,,,,Yes,2600000
Plot/Land for Sale in Gayatri Enclave Hyderabad,Gayatri Enclave Hyderabad,7021,1638,,Freehold,HMDA,,Yes,11500000
Plot/Land for Sale in Bibinagar Hyderabad,Bibinagar Hyderabad,1111,900,,,,,Yes,1000000
Plot/Land for Sale in Warasiguda Hyderabad,Warasiguda Hyderabad,9804,1224,,,,,Yes,12000000
"Plot/Land for Sale in Injapur, Neeladri Nagar, Ibrahimpatnam Road Hyderabad",Injapur,2905,1377,13.1 X 105,,HMDA,East,No,4000000
Plot/Land for Sale in Vempuguda Hyderabad,Vempuguda Hyderabad,40602,266,,,,,Yes,10800000
Plot/Land for Sale in Shamshabad Hyderabad,Shamshabad Hyderabad,4222,1800,13.3 X 135,,,,Yes,7600000
Plot/Land for Sale in Diamond Point Hyderabad,Diamond Point Hyderabad,17806,2106,,,,,Yes,37500000
"Plot/Land for Sale in Abdullapurmet, Outer Ring Road Hyderabad",Abdullapurmet,2083,1440,,,,,Yes,3000000
Plot/Land for Sale in Alwal Hyderabad,Alwal Hyderabad,9259,1080,,,,,Yes,10000000
"Plot/Land for Sale in Moinabad, Chevella Road Hyderabad",Moinabad,1667,9000,,,,,Yes,15000000
"Plot/Land for Sale in Maheswaram Lines, Chandrayangutta, Srisailam Highway Hyderabad",Maheswaram Lines,1568,2997,,,,,Yes,4700000
"Plot/Land for Sale in Moinabad, Chevella Road Hyderabad",Moinabad,3704,1350,,,,,Yes,5000000
Plot/Land for Sale in Shadnagar Hyderabad,Shadnagar Hyderabad,1077,1485,,,,,Yes,1600000
Plot/Land for Sale in janachaitanya sai anurag colony bachupally Hyderabad,janachaitanya sai anurag colony bachupally Hyderabad,7111,1440,480 X 480,,,,Yes,10200000
"Plot/Land for Sale in Midhani huda colony, opp to word and deed school Hyderabad",Midhani huda colony,6242,2403,,,,,Yes,15000000
Plot/Land for Sale in Ankushapur Hyderabad,Ankushapur Hyderabad,1778,1800,90 X 20,,HMDA,,Yes,3200000
Plot/Land for Sale in Chevella Hyderabad,Chevella Hyderabad,1010,10890,,Freehold,HMDA,East,No,11000000
Plot/Land for Sale in Maheshwaram Hyderabad,Maheshwaram Hyderabad,3333,5400,,,,,Yes,18000000
Plot/Land for Sale in Chilkur Pragati Yenkapalli Road Hyderabad,Chilkur Pragati Yenkapalli Road Hyderabad,2778,5625,75 X 75,,,,Yes,15600000
Plot/Land for Sale in Taramatipet Hyderabad,Taramatipet Hyderabad,2270,1674,,Freehold,HMDA,East,No,3800000
Plot/Land for Sale in Bhuvanagiri Hyderabad,Bhuvanagiri Hyderabad,2000,1500,,,,,Yes,3000000
Plot/Land for Sale in Bhuvanagiri Hyderabad,Bhuvanagiri Hyderabad,1667,1800,,Freehold,,East,No,3000000
Plot/Land for Sale in Tupran Hyderabad,Tupran Hyderabad,1863,1503,,Freehold,HMDA,,Yes,2800000
Plot/Land for Sale in Auto Sainagar Colony Hyderabad,Auto Sainagar Colony Hyderabad,110000,220,6.11 X 36,,,,Yes,24200000
"Plot/Land for Sale in Ghatkesar, NH 2 2 Hyderabad",Ghatkesar,14000,1800,,,,,Yes,25200000
Plot/Land for Sale in Adibatla Hyderabad,Adibatla Hyderabad,2618,1719,,,,,Yes,4500000
Plot/Land for Sale in Kandukur Hyderabad,Kandukur Hyderabad,3000,1980,,,,,Yes,5900000
"Plot/Land for Sale in Gandi Maisamma, Outer Ring Road Hyderabad",Gandi Maisamma,8598,7560,,,,,Yes,65000000
"Plot/Land for Sale in Boduppal, NH 2 2 Hyderabad",Boduppal,7778,1800,12 X 150,Freehold,,,No,14000000
Plot/Land for Sale in Tupran Hyderabad,Tupran Hyderabad,3333,3600,,,,,Yes,12000000
"Plot/Land for Sale in Ghatkesar, NH 2 2 Hyderabad",Ghatkesar,1778,1800,,,,,Yes,3200000
Plot/Land for Sale in Chegur Hyderabad,Chegur Hyderabad,1111,4500,,,,,Yes,5000000
Plot/Land for Sale in Kompally Hyderabad,Kompally Hyderabad,7222,4320,,,,,Yes,31200000
Plot/Land for Sale in Bachupally Hyderabad,Bachupally Hyderabad,8889,2250,25 X 90,Freehold,,,Yes,20000000
"Plot/Land for Sale in Moinabad, Chevella Road Hyderabad",Moinabad,1574,7623,2541 X 150,,,,Yes,12000000
"Plot/Land for Sale in Dundigal, Outer Ring Road Hyderabad",Dundigal,3142,3024,231 X 120,Freehold,HMDA,,Yes,9500000
Plot/Land for Sale in Kompally Hyderabad,Kompally Hyderabad,11111,2412,,,,,Yes,26800000
Plot/Land for Sale in Shadnagar Hyderabad,Shadnagar Hyderabad,1444,1323,,,,,Yes,1900000
Plot/Land for Sale in Patancheruvu Hyderabad,Patancheruvu Hyderabad,2667,20034,167.01 X 119.96,,,,Yes,53400000
Plot/Land for Sale in Medchal Hyderabad,Medchal Hyderabad,1333,9783,,,,,Yes,13000000
Plot/Land for Sale in Parvathapur Hyderabad,Parvathapur Hyderabad,8333,1800,108 X 150,,HMDA,,Yes,15000000
Plot/Land for Sale in Yadagirigutta Hyderabad,Yadagirigutta Hyderabad,1667,2700,,,,,Yes,4500000
Plot/Land for Sale in Rangareddy Hyderabad,Rangareddy Hyderabad,3083,10800,90 X 120,Freehold,,,Yes,33300000
Plot/Land for Sale in Ibrahimpatnam Hyderabad,Ibrahimpatnam Hyderabad,1906,1836,,,HMDA,,Yes,3500000
"Plot/Land for Sale in Moinabad, Chevella Road Hyderabad",Moinabad,1778,2250,90 X 225,,,,Yes,4000000
Plot/Land for Sale in Mansanpally Hyderabad,Mansanpally Hyderabad,2889,1647,,,,,Yes,4800000
"Plot/Land for Sale in Farook Nagar, Vattepally Hyderabad",Farook Nagar,1111,3780,,Freehold,,,Yes,4200000
Plot/Land for Sale in Rajendranagar Mandal Hyderabad,Rajendranagar Mandal Hyderabad,10000,1980,,,,,Yes,19800000
Plot/Land for Sale in Kawadipally Hyderabad,Kawadipally Hyderabad,3333,3600,180 X 180,Freehold,,East,No,12000000
Plot/Land for Sale in Nagole Hyderabad,Nagole Hyderabad,97378,267,,,,,Yes,26000000
Plot/Land for Sale in Raikal Hyderabad,Raikal Hyderabad,1658,1809,,,DTCP,,Yes,3000000
Plot/Land for Sale in Shamirpet Hyderabad,Shamirpet Hyderabad,1556,2160,,,,,Yes,3400000
"Plot/Land for Sale in Chilkur Balaji Temple Road, Chevella Road Hyderabad",Chilkur Balaji Temple Road,3333,4500,,Freehold,,East,No,15000000
Plot/Land for Sale in Farooqnagar Hyderabad,Farooqnagar Hyderabad,1215,2880,192 X 135,,,,Yes,3500000
"Plot/Land for Sale in Moinabad, Chevella Road Hyderabad",Moinabad,2755,4356,,,,,Yes,12000000
Plot/Land for Sale in Adibatla Hyderabad,Adibatla Hyderabad,3333,4185,,,,,Yes,13900000
Plot/Land for Sale in Teachers Colony Anantharam Rural Hyderabad,Teachers Colony Anantharam Rural Hyderabad,1944,1800,,,,,Yes,3500000
Plot/Land for Sale in Jbs Europhoria city Hyderabad,Jbs Europhoria city Hyderabad,3222,1800,,,HMDA,,Yes,5800000
Plot/Land for Sale in Bhuvanagiri Hyderabad,Bhuvanagiri Hyderabad,1700,2070,,,,,Yes,3500000
Plot/Land for Sale in Rajendranagar Mandal Hyderabad,Rajendranagar Mandal Hyderabad,14815,13500,90 X 150,,,,Yes,200000000
"Plot/Land for Sale in Isnapur, Outer Ring Road Hyderabad",Isnapur,2963,5400,90 X 60,Freehold,HMDA,,Yes,16000000
Plot/Land for Sale in Kadthal Hyderabad,Kadthal Hyderabad,2222,2700,,Freehold,,,Yes,6000000
Plot/Land for Sale in Maheshwaram Hyderabad,Maheshwaram Hyderabad,18000,1200,120 X 90,,HMDA,,Yes,21600000
Plot/Land for Sale in Shadnagar Hyderabad,Shadnagar Hyderabad,1058,1323,,,,,Yes,1400000
Plot/Land for Sale in Bibinagar Hyderabad,Bibinagar Hyderabad,1056,1800,,,,,Yes,1900000
Plot/Land for Sale in Shamirpet Hyderabad,Shamirpet Hyderabad,3556,1800,,,HMDA,,Yes,6400000
"Plot/Land for Sale in Muppas Panchavati Colony, Manikonda, Outer Ring Road Hyderabad",Muppas Panchavati Colony,16162,2475,,Freehold,,East,No,40000000
Plot/Land for Sale in ECIL Hyderabad,ECIL Hyderabad,3000,1000,,,,,Yes,3000000
"Plot/Land for Sale in Sai Priya Colony, Secunderabad Hyderabad",Sai Priya Colony,5057,1503,45 X 33.4,,,,Yes,7600000
"Plot/Land for Sale in Moinabad, Chevella Road Hyderabad",Moinabad,3258,5679,30.1 X 189,Freehold,,,No,18500000
Plot/Land for Sale in Athvelly Hyderabad,Athvelly Hyderabad,2506,1197,,Freehold,HMDA,East,No,3000000
Plot/Land for Sale in kassavi e city Hyderabad,kassavi e city Hyderabad,2722,1800,150 X 108,Freehold,,,Yes,4900000
Plot/Land for Sale in Shadnagar Hyderabad,Shadnagar Hyderabad,1300,1350,,,,,Yes,1800000
Plot/Land for Sale in Farooqnagar Hyderabad,Farooqnagar Hyderabad,2963,2700,45 X 60,,,,Yes,8000000
"Plot/Land for Sale in Vanasthalipuram, Hyderabad Hyderabad",Vanasthalipuram,2714,1400,,,,,Yes,3800000
"Plot/Land for Sale in Aushapur, NH 2 2 Hyderabad",Aushapur,2222,3600,,,,,Yes,8000000
Plot/Land for Sale in Shadnagar Road Hyderabad,Shadnagar Road Hyderabad,1218,1314,,,,,Yes,1600000
Plot/Land for Sale in Nagole Hyderabad,Nagole Hyderabad,5000,2556,,,,,Yes,12800000
Plot/Land for Sale in Raigiri Hyderabad,Raigiri Hyderabad,1852,2700,,,,,Yes,5000000
Plot/Land for Sale in Reddipally Rangareddy Hyderabad,Reddipally Rangareddy Hyderabad,1778,26136,137.56 X 190,,,,Yes,46500000
Plot/Land for Sale in Kompally Hyderabad,Kompally Hyderabad,8947,2403,60 X 40,,,,Yes,21500000
Plot/Land for Sale in Tupran Hyderabad,Tupran Hyderabad,2222,1350,150 X 150,Freehold,HMDA,East,No,3000000
"Plot/Land for Sale in Mangalpalle, Outer Ring Road Hyderabad",Mangalpalle,4444,4500,270 X 150,,,,Yes,20000000
Plot/Land for Sale in Shadnagar Hyderabad,Shadnagar Hyderabad,3778,1800,,,,,Yes,6800000
Plot/Land for Sale in Shadnagar Hyderabad,Shadnagar Hyderabad,1852,1350,,,DTCP,,Yes,2500000
Plot/Land for Sale in Shamirpet Hyderabad,Shamirpet Hyderabad,13000,1000,,,,,Yes,13000000
Plot/Land for Sale in Kongar Khurd A Hyderabad,Kongar Khurd A Hyderabad,3333,1350,135 X 90,,HMDA,,Yes,4500000
Plot/Land for Sale in Shadnagar Hyderabad,Shadnagar Hyderabad,2055,1323,120 X 11,,DTCP,East,No,2700000
Plot/Land for Sale in Indiranagar Colony Aushapur Hyderabad,Indiranagar Colony Aushapur Hyderabad,2000,3006,30 X 100,,,,Yes,6000000
"Plot/Land for Sale in TMR Enclave, Meerpet Hyderabad",TMR Enclave,1333,1350,,,,,Yes,1800000
Plot/Land for Sale in cheriyal village Hyderabad,cheriyal village Hyderabad,3667,3150,210 X 135,,HMDA,,Yes,11600000
Plot/Land for Sale in Sangareddy Hyderabad,Sangareddy Hyderabad,1667,1323,,,,,Yes,2200000
Plot/Land for Sale in CHATTANPALLY Hyderabad,CHATTANPALLY Hyderabad,2667,1620,,,,,Yes,4300000
Plot/Land for Sale in Sangareddy Hyderabad,Sangareddy Hyderabad,4535,2205,,,,,Yes,10000000
Plot/Land for Sale in Shadnagar Hyderabad,Shadnagar Hyderabad,2721,1323,99 X 13.3,,,,Yes,3600000
Plot/Land for Sale in Bibinagar Hyderabad,Bibinagar Hyderabad,2139,1800,,,,,Yes,3900000
Plot/Land for Sale in Chilkoor Hyderabad,Chilkoor Hyderabad,3889,9000,99 X 90.9,Freehold,,,Yes,35000000
Plot/Land for Sale in Medchal Pudur Shamirpet Road Hyderabad,Medchal Pudur Shamirpet Road Hyderabad,2222,1647,99 X 150,,HMDA,,Yes,3700000
"Plot/Land for Sale in Tukkuguda, Srisailam Highway Hyderabad",Tukkuguda,5111,1800,,,,,Yes,9200000
Plot/Land for Sale in Nandigaon Hyderabad,Nandigaon Hyderabad,5456,1503,50.1 X 30,Freehold,,East,No,8200000
"Plot/Land for Sale in Turkapalli, Secunderabad, Medchal Road Hyderabad",Turkapalli,1403,1782,15.6 X 114,,,,Yes,2500000
Plot/Land for Sale in Kamma Guda Hyderabad,Kamma Guda Hyderabad,3931,1908,3 X 636,,,,Yes,7500000
Plot/Land for Sale in Edulabad Hyderabad,Edulabad Hyderabad,1722,1800,180 X 9.99,,,,Yes,3100000
Plot/Land for Sale in Padmashali Society Hyderabad,Padmashali Society Hyderabad,11806,1440,144 X 90,Freehold,HMDA,,Yes,17000000
Plot/Land for Sale in Sangareddy Hyderabad,Sangareddy Hyderabad,2193,2052,,,,,Yes,4500000
